99speedmart,convenience_store,99SpeedMart @(PK) Bandar Universiti,"No : 1 & 2 (Ground Floor), Jalan PP 9, Bandar Universiti, 32610 Seri Iskandar, Perak Darul Ridzuan.",04.36387,100.98035,(PK) Bandar Universiti,"['Pustaka Chiew (SI) Sdn Bhd', 'Seri Iskandar Auto Care Service Centre', 'Pak Non Bihun Sup Kedah']"
99speedmart,convenience_store,99SpeedMart @(KH) Kompleks Perniagaan Melur Jaya,"No: 9 & 10 (Ground Floor), Kompleks Perniagaan Melur Jaya, Taman Melur, 09800 Serdang, Kedah Darul Aman.","5°12'15.7""N","100°36'32.4""E",(KH) Kompleks Perniagaan Melur Jaya,"['East', 'Estate', 'Writers Guild of America']"
99speedmart,convenience_store,99SpeedMart @(KH) Taman Kemuning,"No: 584 & 585 (Ground Floor), Lorong Kemuning 1, Taman Kemuning, 09000 Kulim, Kedah Darul Aman.","5°22'30.4""N","100°32'9.3""E",(KH) Taman Kemuning,"['East', 'Estate', 'Writers Guild of America']"
99speedmart,convenience_store,99SpeedMart @(KH) Pekan Lunas,"No: 7 & 8 (Ground Floor), Pekan Lunas, Jalan Raya Lunas, 09600 Lunas, Kedah Darul Aman.","5°25'47.1""N","100°31'49.8""E",(KH) Pekan Lunas,"['East', 'Estate', 'Writers Guild of America']"
99speedmart,convenience_store,99SpeedMart @(KH) Taman Desa Aman,"No: 184 & 185 (Ground Floor), Jalan Desa Aman S4/B, Taman Desa Aman, 09410 Padang Serai, Kedah Darul Aman.","5°30'19.8""N","100°37'22.7""E",(KH) Taman Desa Aman,"['East', 'Estate', 'Writers Guild of America']"
99speedmart,convenience_store,99SpeedMart @(KH) Bandar Permata Lunas,"No : 35 & 36 (Ground Floor), Lorong Permata 1/1, Bandar Permata Lunas, 09600 Lunas, Kedah Darul Aman.","5°27'10.3""N","100°32'14.3""E",(KH) Bandar Permata Lunas,"['East', 'Estate', 'Writers Guild of America']"
99speedmart,convenience_store,99SpeedMart @(KH) Pusat Komersial Junjong,"No: 8, 9 & 10  (Ground Floor), Pusat Komersial Junjong, Pekan Junjong, 09000 Kulim, Kedah Darul Aman.","5°17'51.9""N","100°31'53.0""E",(KH) Pusat Komersial Junjong,"['East', 'Estate', 'Writers Guild of America']"
99speedmart,convenience_store,99SpeedMart @(KH) Taman Kangkong,"No: 266 (Ground Floor), Lorong Kangkong 1/1, Taman Kangkong, Seri Kangkong, 09600 Lunas, Kedah Darul Aman.","5°25'15.3""N","100°32'48.8""E",(KH) Taman Kangkong,"['East', 'Estate', 'Writers Guild of America']"
99speedmart,convenience_store,99SpeedMart @(KH) Taman Tunku Putra,"No: 12 & 13 (Ground Floor), Jalan Bayu 1, Taman Tunku Putra, 09000 Kulim, Kedah Darul Aman.","5°22'16.3""N","100°33'14.8""E",(KH) Taman Tunku Putra,"['East', 'Estate', 'Writers Guild of America']"
99speedmart,convenience_store,99SpeedMart @(KH) Lembah Impiana,"No: 7 & 8 (Ground Floor), Lebuh Lembah Impiana, Lembah Impiana, 09000 Kulim, Kedah Darul Aman.","5°22'10.1""N","100°31'50.5""E",(KH) Lembah Impiana,"['East', 'Estate', 'Writers Guild of America']"
99speedmart,convenience_store,99SpeedMart @(KH) Taman Angsana,"No: 11 & 12 (Ground Floor), Jalan Angsana 1, Taman Angsana, 08000 Sungai Petani, Kedah Darul Aman.","5°37'30.0""N","100°30'10.1""E",(KH) Taman Angsana,"['East', 'Estate', 'Writers Guild of America']"
99speedmart,convenience_store,99SpeedMart @(KH) Ria Indah,"No: A-119 (Ground Floor), Lorong Ria Indah 12, Taman Ria Indah, 08000 Sungai Petani, Kedah Darul Aman.","5°39'9.4""N","100°30'19.1""E",(KH) Ria Indah,"['East', 'Estate', 'Writers Guild of America']"
99speedmart,convenience_store,99SpeedMart @(KH) Taman Sejati Indah,"No: C-97 & C-98 (Ground Floor), Jalan Indah 2, Taman Sejati Indah, 08000 Sungai Petani, Kedah Darul Aman.","5°36'49.8""N","100°28'55.6""E",(KH) Taman Sejati Indah,"['East', 'Estate', 'Writers Guild of America']"
99speedmart,convenience_store,99SpeedMart @(KH) Kulim Square,"No: 1254 & 1255 (Ground Floor), Jalan KS 1/3, Kulim Square, 09600 Lunas, Kedah Darul Aman.","5°24'31.3""N","100°32'32.9""E",(KH) Kulim Square,"['East', 'Estate', 'Writers Guild of America']"
99speedmart,convenience_store,99SpeedMart @(KH) Taman Mutiara,"No: 120 & 121 (Ground Floor), Jalan Mutiara Biru, Taman Mutiara, 09700 Karangan, Kedah Darul Aman.","5°25'48.2""N","100°38'11.6""E",(KH) Taman Mutiara,"['East', 'Estate', 'Writers Guild of America']"
99speedmart,convenience_store,99SpeedMart @(KH) Taman Kelisa Ria,"No 89 & 90 (Ground Floor), Jalan Kelisa Ria 1-C, Taman Kelisa Ria, 08000 Sungai Petani, Kedah Darul Aman.","5°38'15.3""N","100°33'21.0""E",(KH) Taman Kelisa Ria,"['East', 'Estate', 'Writers Guild of America']"
99speedmart,convenience_store,99SpeedMart @(KH) Kota Kenari,"No: 199 & 200 (Ground Floor), Jalan Kota Kenari 3, Kota Kenari, 09000 Kulim, Kedah Darul Aman.","5°22'20.6""N","100°33'55.3""E",(KH) Kota Kenari,"['East', 'Estate', 'Writers Guild of America']"
99speedmart,convenience_store,99SpeedMart @(KH) Bandar Amanjaya,"No: 31 & 32 (Ground Floor), Jalan Seroja 1/1, Bandar Amanjaya, 08000 Sungai Petani, Kedah Darul Aman.","5°41'57.6""N","100°30'56.4""E",(KH) Bandar Amanjaya,"['East', 'Estate', 'Writers Guild of America']"
99speedmart,convenience_store,99SpeedMart @(KH) Taman Setia,"No: 15-J & 15-K (Ground Floor), Jalan Bakar Arang, Taman Setia, 08000 Sungai Petani, Kedah Darul Aman.","5°37'49.0""N","100°28'45.6""E",(KH) Taman Setia,"['East', 'Estate', 'Writers Guild of America']"
99speedmart,convenience_store,99SpeedMart @(KH) Taman Lagenda,"No: 825 & 826 (Ground Floor), Jalan Lagenda 9/2, Taman Lagenda, 09400 Padang Serai, Kedah","5°30'22.0""N","100°32'7.3""E",(KH) Taman Lagenda,"['East', 'Estate', 'Writers Guild of America']"
99speedmart,convenience_store,99SpeedMart @(KH) Taman Bistari Utama,"No: 17A & 18A (Ground Floor), Jalan Bistari Jaya Utama, Taman Bistari Utama, 08100 Bedong, Kedah Darul Aman.","5°42'49.4""N","100°31'1.8""E",(KH) Taman Bistari Utama,"['East', 'Estate', 'Writers Guild of America']"
99speedmart,convenience_store,99SpeedMart @(KH) Pusat Komersial Saujana,"No: 43 & 44 (Ground Floor), Jalan PKS (A), Pusat Komersial Saujana, 08000, Sungai Petani, Kedah Darul Aman.","5°41'25.4""N","100°32'13.3""E",(KH) Pusat Komersial Saujana,"['East', 'Estate', 'Writers Guild of America']"
99speedmart,convenience_store,99SpeedMart @(KH) Taman Bedong Jaya,"No: 165A & 166A (Ground Floor), Jalan Raya Bedong, Taman Bedong Jaya, 08100 Bedong, Kedah Darul Aman.","5°44'34.2""N","100°30'20.3""E",(KH) Taman Bedong Jaya,"['East', 'Estate', 'Writers Guild of America']"
99speedmart,convenience_store,99SpeedMart @(KH) Taman Merbau Indah,"No: 6 & 7 (Ground Floor), Lorong Merbau Indah 1, Taman Merbau Indah, 09300 Padang Meha, Kedah Darul Aman.","5°33'50.1""N","100°38'2.9""E",(KH) Taman Merbau Indah,"['East', 'Estate', 'Writers Guild of America']"
99speedmart,convenience_store,99SpeedMart @(KH) Taman Lagenda Indah,"No: 10 & 11 (Ground Floor), Jalan Pahlawan, Taman Lagenda Indah, 08000 Sungai Petani, Kedah Darul Aman.","5°39'36.2""N","100°29'40.0""E",(KH) Taman Lagenda Indah,"['East', 'Estate', 'Writers Guild of America']"
99speedmart,convenience_store,99SpeedMart @(KH) Taman Sri Utama,"No: 25 & 26 (Ground Floor), Lorong Lindungan 2, Taman Sri Utama, 08300 Gurun, Kedah Darul Aman.","5°48'0.8""N","100°28'38.5""E",(KH) Taman Sri Utama,"['East', 'Estate', 'Writers Guild of America']"
99speedmart,convenience_store,99SpeedMart @(KH) Taman Lembah Bujang Saujana,"No: 14B & 15B (Ground Floor), Jalan Bujang Saujana 2, Taman Lembah Bujang Saujana, 08400 Merpok, Kedah Darul Aman.","5°42'42.0""N","100°25'28.7""E",(KH) Taman Lembah Bujang Saujana,"['East', 'Estate', 'Writers Guild of America']"
99speedmart,convenience_store,99SpeedMart @(KH) Taman Suria,"No: 69 & 70 (Ground Floor), Jalan Raya Gurun, Taman Suria, 08300 Gurun, Kedah Darul Aman.","5°48'42.2""N","100°28'32.5""E",(KH) Taman Suria,"['East', 'Estate', 'Writers Guild of America']"
99speedmart,convenience_store,99SpeedMart @(KH) Taman Cahaya Ceria,"No: 8A & 9A (Ground Floor), Lorong Cahaya Ceria 1, Taman Cahaya Ceria, 08300 Gurun, Kedah Darul Aman.","5°50'5.1""N","100°31'48.1""E",(KH) Taman Cahaya Ceria,"['East', 'Estate', 'Writers Guild of America']"
99speedmart,convenience_store,99SpeedMart @(KH) Taman Arked,"No: 337 & 338 (Ground Floor), Lebuh Arked, Taman Arked, 08000 Sungai Petani, Kedah Darul Aman.","5°37'40.8""N","100°28'7.3""E",(KH) Taman Arked,"['East', 'Estate', 'Writers Guild of America']"
99speedmart,convenience_store,99SpeedMart @(KH) Taman Desa Cinta Sayang,"No: 24 & 25 (Ground Floor), Lorong 1, Taman Desa Cinta Sayang, 09410 Padang Serai, Kedah Darul Aman.","5°30'42.8""N","100°36'38.2""E",(KH) Taman Desa Cinta Sayang,"['East', 'Estate', 'Writers Guild of America']"
99speedmart,convenience_store,99SpeedMart @(KH) Jalan Sekerat,"No: B-12 & B-13 (Ground Floor), Jalan Sekerat, Taman Sejati, 08000 Sungai Petani, Kedah Darul Aman.","5°38'43.0""N","100°29'38.6""E",(KH) Jalan Sekerat,"['East', 'Estate', 'Writers Guild of America']"
99speedmart,convenience_store,99SpeedMart @(KH) Bukit Banyan,"No: 19 & 20 (Ground Floor), Persiaran Banyan Square 1, Bukit Banyan, 08000 Sungai Petani, Kedah Darul Aman.","5°39'45.4""N","100°32'43.5""E",(KH) Bukit Banyan,"['East', 'Estate', 'Writers Guild of America']"
99speedmart,convenience_store,99SpeedMart @(KH) PP Kuala Ketil,"No: 143 & 144 (Ground Floor), Persiaran KKCC 3, Kuala Ketil Commercial Centre, 09100 Kuala Ketil, Kedah Darul Aman.","5°36'23.8""N","100°38'18.6""E",(KH) PP Kuala Ketil,"['East', 'Estate', 'Writers Guild of America']"
99speedmart,convenience_store,99SpeedMart @(KH) Bandar Laguna Merbok,"No: 30 (Ground Floor), Lorong BLM 1/11, Bandar Laguna Merbok, 08000 Sungai Petani, Kedah Darul Aman.","5°40'53.1""N","100°29'37.1""E",(KH) Bandar Laguna Merbok,"['East', 'Estate', 'Writers Guild of America']"
99speedmart,convenience_store,99SpeedMart @2681- (KH) Kompleks Perniagaan Seri Bayu,"No: 5 & 6 (Ground Floor), Susuran Seri Bayu, Kompleks Perniagaan Seri Bayu, 06900 Yan, Kedah Darul Aman.","5°48'14.9""N","100°22'27.4""E",2681- (KH) Kompleks Perniagaan Seri Bayu,"['East', 'Estate', 'Writers Guild of America']"
99speedmart,convenience_store,99SpeedMart @(KH) Taman Damai,"No: 70 & 71 (Ground Floor), Jalan Damai 3, Taman Damai, 09400 Padang Serai, Kedah Darul Aman.","5°30'44.1""N","100°33'15.8""E",(KH) Taman Damai,"['East', 'Estate', 'Writers Guild of America']"
99speedmart,convenience_store,99SpeedMart @(KH) Bandar Baharu,"No: 8 & 9 (Ground Floor), Jalan Bulatan, 34950 Bandar Baharu, Kedah Darul Aman.","5°7'50.7""N","100°29'38.4""E",(KH) Bandar Baharu,"['East', 'Estate', 'Writers Guild of America']"
99speedmart,convenience_store,99SpeedMart @(KH) Taman Seraya Emas,"No: 14 & 15 (Ground Floor), Jalan Seraya Emas, Taman Seraya Emas, 08000 Sungai Petani, Kedah Darul Aman.","5°34'58.2""N","100°29'7.2""E",(KH) Taman Seraya Emas,"['East', 'Estate', 'Writers Guild of America']"
99speedmart,convenience_store,99SpeedMart @(KH) Taman Serai Wangi,"No: 1369 (Ground Floor), Lorong Serai Wangi 14/6, Taman Serai Wangi, 09400 Padang Serai, Kedah Darul Aman.","5°30'58.1""N","100°32'39.1""E",(KH) Taman Serai Wangi,"['East', 'Estate', 'Writers Guild of America']"
99speedmart,convenience_store,99SpeedMart @(KH) Taman Selasih,"No 3637 & 3638 (Ground Floor), Jalan Selasih 2, Taman Selasih, 09000 Kulim, Kedah Darul Aman.","5°22'34.8""N","100°32'4.0""E",(KH) Taman Selasih,"['East', 'Estate', 'Writers Guild of America']"
99speedmart,convenience_store,99SpeedMart @(KH) Taman Ria Mesra,"No 13 & 14 (Ground Floor), Lorong 3, Taman Ria Mesra II, 08300 Gurun, Kedah Darul Aman","5°48'49.1""N","100°32'26.7""E",(KH) Taman Ria Mesra,"['East', 'Estate', 'Writers Guild of America']"
99speedmart,convenience_store,99SpeedMart @(KH) Taman Senangin,"No  653 (Ground Floor), Lorong Senangin 1/4, Taman Senangin, 09000 Kulim, Kedah Darul Aman","5°24'3.1""N","100°33'50.6""E",(KH) Taman Senangin,"['East', 'Estate', 'Writers Guild of America']"
99speedmart,convenience_store,99SpeedMart @(KH) Jalan Bank,"No 5 & 6 (Ground Floor), Jalan Bank, 08000 Sungai Petani, Kedah Darul Aman.","5°38'32.2""N","100°29'7.9""E",(KH) Jalan Bank,"['East', 'Estate', 'Writers Guild of America']"
99speedmart,convenience_store,99SpeedMart @(KH) Jalan Keladi,"No 12 & 13 (Ground Floor), Lorong Teja 1, Taman Keladi, 08000 Sungai Petani, Kedah Darul Aman.","5°36'54.8""N","100°30'6.6""E",(KH) Jalan Keladi,"['East', 'Estate', 'Writers Guild of America']"
99speedmart,convenience_store,99SpeedMart @(KH) Taman Bandar Baru,"No: 25 & 27 (Ground Floor), Lorong Jati 18-A, Taman Bandar Baru, 08100 Sungai Lalang, Kedah Darul Aman.","5°42'27.5""N","100°31'52.1""E",(KH) Taman Bandar Baru,"['East', 'Estate', 'Writers Guild of America']"
99speedmart,convenience_store,99SpeedMart @(KH) Taman Sang Kancil,"No: 12 & 12A (Ground Floor), Lorong Kancil 1/1, Taman Sang Kancil, 09600 Lunas, Kedah Darul Aman.","5°25'24.6""N","100°32'5.0""E",(KH) Taman Sang Kancil,"['East', 'Estate', 'Writers Guild of America']"
99speedmart,convenience_store,99SpeedMart @(KH) Taman Pegaga,"No: 72 (Ground Floor), Jalan Pegaga, Taman Pegaga, 09600 Lunas, Kedah Darul Aman.","5°24'41.8""N","100°32'36.9""E",(KH) Taman Pegaga,"['East', 'Estate', 'Writers Guild of America']"
99speedmart,convenience_store,99SpeedMart @(KH) Taman Desa Aman Sungai Lalang,"No: 8B & 9B (Ground Floor), Lebuh Desa Aman, Taman Desa Aman, 08100 Sungai Lalang, Kedah Darul Aman.","5°42'17.2""N","100°30'54.4""E",(KH) Taman Desa Aman Sungai Lalang,"['East', 'Estate', 'Writers Guild of America']"
99speedmart,convenience_store,99SpeedMart @(KH) Taman Seluang,"No: 208 (Ground Floor), Jalan Lunas, Taman Seluang, 09000 Kulim, Kedah Darul Aman.","5°23'48.9""N","100°33'26.4""E",(KH) Taman Seluang,"['East', 'Estate', 'Writers Guild of America']"
99speedmart,convenience_store,99SpeedMart @(KH) Taman Universiti,"No: B34 & B35 (Ground Floor), Jalan Universiti 1, Taman Universiti, Semeling, 08100 Bedong, Kedah Darul Aman.","5°43'3.9""N","100°28'58.9""E",(KH) Taman Universiti,"['East', 'Estate', 'Writers Guild of America']"
99speedmart,convenience_store,99SpeedMart @(KH) Taman Simpang Perdana,"No: B-11 & B-12 (Ground Floor), Susuran Lada 1, Taman Simpang Perdana, Simpang Empat, 06550 Simpang Empat, Kedah Darul Aman.","6°1'8.0""N","100°22'55.2""E",(KH) Taman Simpang Perdana,"['East', 'Estate', 'Writers Guild of America']"
99speedmart,convenience_store,99SpeedMart @(KH) Cinta Sayang Resort Homes,"No: A12B & A15 (Ground Floor), Jalan 2, Cinta Sayang Resort Homes, 08000 Sungai Petani, Kedah Darul Aman.","5°40'0.0""N","100°31'39.8""E",(KH) Cinta Sayang Resort Homes,"['East', 'Estate', 'Writers Guild of America']"
99speedmart,convenience_store,99SpeedMart @(KH) Taman Seruling,"No: 18 & 19 (Ground Floor), Jalan Seruling 1-A, Taman Seruling, 08000 Sungai Petani, Kedah Darul Aman.","5°38'30.5""N","100°30'42.8""E",(KH) Taman Seruling,"['East', 'Estate', 'Writers Guild of America']"
99speedmart,convenience_store,99SpeedMart @(KH) Taman Sri Gedong,"No: 2 & 3 (Ground Floor), Jalan Sri Gedong 1, Taman Sri Gedong, 08000 Sungai Petani, Kedah Darul Aman.","5°36'16.6""N","100°28'52.1""E",(KH) Taman Sri Gedong,"['East', 'Estate', 'Writers Guild of America']"
99speedmart,convenience_store,99SpeedMart @(KH) Taman Semeling Indah,"No: A1 & A2 (Ground Floor), Jalan Semeling Maju 1, Taman Semeling Setia, 08100 Bedong, Kedah Darul Aman.","5°42'23.9""N","100°28'15.2""E",(KH) Taman Semeling Indah,"['East', 'Estate', 'Writers Guild of America']"
99speedmart,convenience_store,99SpeedMart @(KH) Taman Desa Bidara,"No: 261 & 262 (Ground Floor),  Persiaran Bidara 1, Taman Desa Bidara, 09300 Kuala Ketil, Kedah Darul Aman.","5°36'2.3""N","100°39'6.2""E",(KH) Taman Desa Bidara,"['East', 'Estate', 'Writers Guild of America']"
99speedmart,convenience_store,99SpeedMart @(KH) Taman Pertiwi,"No: 6 & 7 (Ground Floor), Jalan Pertiwi 1, Taman Pertiwi, 06800 Kota Sarang Semut, Kedah Darul Aman.","5°58'32.6""N","100°23'29.5""E",(KH) Taman Pertiwi,"['East', 'Estate', 'Writers Guild of America']"
99speedmart,convenience_store,99SpeedMart @(KH) Taman Pulasan,"No: 2  & 3 (Ground Floor), Susuran Pulasan, Taman Pulasan 2, 08800 Guar Chempedak, Kedah Darul Aman.","5°51'5.1""N","100°26'22.0""E",(KH) Taman Pulasan,"['East', 'Estate', 'Writers Guild of America']"
99speedmart,convenience_store,99SpeedMart @(KH) Taman Jeniang Indah,"No: 5 & 6 (Ground Floor), Jalan Jeniang Indah, Taman Jeniang Indah, 08700, Jeniang, Kedah Darul Aman.","5°48'23.3""N","100°37'6.9""E",(KH) Taman Jeniang Indah,"['East', 'Estate', 'Writers Guild of America']"
99speedmart,convenience_store,99SpeedMart @(KH) Taman Lembah Bujang Utama,"No: 14A (Ground Floor), Jalan Bujang Utama 1, Taman Lembah Bujang Utama, 08100 Bedong, Kedah Darul Aman.","5°41'59.1""N","100°25'57.9""E",(KH) Taman Lembah Bujang Utama,"['East', 'Estate', 'Writers Guild of America']"
99speedmart,convenience_store,99SpeedMart @(KH) Taman Sri Wang,"No: 59 & 60 (Ground Floor), Lorong 1/6, Taman Sri Wang, 08000 Sungai Petani, Kedah Darul Aman.","5°37'7.8""N","100°29'47.2""E",(KH) Taman Sri Wang,"['East', 'Estate', 'Writers Guild of America']"
99speedmart,convenience_store,99SpeedMart @(KH) Taman Batik,"No: 256 (Ground Floor), Jalan Batik 2/1, Taman Batik, 08000 Sungai Petani, Kedah Darul Aman.","5°37'55.4""N","100°32'6.7""E",(KH) Taman Batik,"['East', 'Estate', 'Writers Guild of America']"
99speedmart,convenience_store,99SpeedMart @(KH) Bandar Amanjaya 2,"No: 173 (Ground Floor), Jalan Melor 1/6, Bandar Amanjaya, 08000 Sungai Petani, Kedah Darul Aman.","5°42'12.0""N","100°32'1.3""E",(KH) Bandar Amanjaya 2,"['East', 'Estate', 'Writers Guild of America']"
99speedmart,convenience_store,99SpeedMart @(KH) Pusat Komersial Kulim,"No: 16 & 17 (Ground Floor), Jalan Sekolah, Pusat Komersial Kulim, 09000 Kulim, Kedah Darul Aman.","5°22'8.5""N","100°33'9.5""E",(KH) Pusat Komersial Kulim,"['East', 'Estate', 'Writers Guild of America']"
99speedmart,convenience_store,99SpeedMart @(KH) Taman Legenda Height,"No: 241 & 242 (Ground Floor), Jalan Legenda 9, Legenda Height, 08000 Sungai Petani, Kedah Darul Aman.","5°39'47.5""N","100°29'59.2""E",(KH) Taman Legenda Height,"['East', 'Estate', 'Writers Guild of America']"
99speedmart,convenience_store,99SpeedMart @(KH) Bandar Puteri Jaya,"No: 201 & 202 (Ground Floor), Jalan Bandar Puteri Jaya 1/2, Bandar Puteri Jaya, 08000 Sungai Petani, Kedah Darul Aman.","5°37'3.4""N","100°31'57.5""E",(KH) Bandar Puteri Jaya,"['East', 'Estate', 'Writers Guild of America']"
99speedmart,convenience_store,99SpeedMart @(KH) Tanah Merah Commercial Centre,"No: 13 & 14 (Ground Floor), Tanah Merah Commercial Centre, Jalan Bandar Baru 5, 06700 Pendang, Kedah Darul Aman.","6°1'43.5""N","100°28'47.7""E",(KH) Tanah Merah Commercial Centre,"['East', 'Estate', 'Writers Guild of America']"
99speedmart,convenience_store,99SpeedMart @(KH) Taman Ria Jaya,"No: 32 & 33 (Ground Floor), Jalan Gamelan, Taman Ria Jaya, 08000 Sungai Petani, Kedah Darul Aman.","5°39'3.6""N","100°30'39.6""E",(KH) Taman Ria Jaya,"['East', 'Estate', 'Writers Guild of America']"
99speedmart,convenience_store,99SpeedMart @(KH) Taman Savori,"No: 5 & 6 (Ground Floor), Taman Savori, Simpang Empat Kangkong, 06650 Simpang Empat, Kedah Darul Aman.","6°1'12.6""N","100°22'6.1""E",(KH) Taman Savori,"['East', 'Estate', 'Writers Guild of America']"
99speedmart,convenience_store,99SpeedMart @(KH) Taman Makmur,"No: 872 & 873 (Ground Floor), Jalan Makmur 4, Taman Makmur, 09600 Lunas, Kedah Darul Aman.","5°26'30.8""N","100°32'36.5""E",(KH) Taman Makmur,"['East', 'Estate', 'Writers Guild of America']"
99speedmart,convenience_store,99SpeedMart @(KH) Taman Jerai Maju,"No: 22 (Ground Floor), Jerai Maju 2, Taman Jerai Maju, 08300 Gurun, Kedah Darul Aman.","5°49'0.3""N","100°28'48.3""E",(KH) Taman Jerai Maju,"['East', 'Estate', 'Writers Guild of America']"
99speedmart,convenience_store,99SpeedMart @(KH) Taman Tiram,"No: 637 & 638 (Ground Floor), Jalan Tiram 8, Taman Tiram, 09600 Lunas, Kedah Darul Aman.","5°25'42.2""N","100°33'15.4""E",(KH) Taman Tiram,"['East', 'Estate', 'Writers Guild of America']"
99speedmart,convenience_store,99SpeedMart @(KH) Taman Intan,"No : 9 & 10 (Ground Floor), Lebuh Intan, Taman Intan, 08000 Sungai Petani, Kedah Darul Aman.","5°38'11.4""N","100°28'13.5""E",(KH) Taman Intan,"['East', 'Estate', 'Writers Guild of America']"
99speedmart,convenience_store,99SpeedMart @(KH) Taman Setia Harmoni,"No : 3 & 3A (Ground Floor), Jalan 1, Taman Setia Harmoni, 08300 Gurun, Kedah Darul Aman.","5°49'4.4""N","100°31'14.4""E",(KH) Taman Setia Harmoni,"['East', 'Estate', 'Writers Guild of America']"
99speedmart,convenience_store,99SpeedMart @(KH) Pekan Simpang Empat,"No : 8-A & 8-B (Ground Floor), Jalan Pekan Simpang Empat 2,  Pekan Simpang Empat, 06650 Simpang Empat, Kedah Darul Aman.","6°1'27.4""N","100°22'51.6""E",(KH) Pekan Simpang Empat,"['East', 'Estate', 'Writers Guild of America']"
99speedmart,convenience_store,99SpeedMart @(KH) Taman Teluk Bayu,"No: 2 & 3 (Ground Floor), Jalan Teluk Bayu 1, Taman Teluk Bayu, 08000 Sungai Petani, Kedah Darul Aman.","5°37'4.5""N","100°26'10.9""E",(KH) Taman Teluk Bayu,"['East', 'Estate', 'Writers Guild of America']"
99speedmart,convenience_store,99SpeedMart @(KH) Pekan Simpang Kuala,"No : 234A & 235A (Ground Floor), Jalan PSK 7, Pekan Simpang Kuala, 05400 Alor Setar, Kedah Darul Aman.","6°5'58.1""N","100°21'53.0""E",(KH) Pekan Simpang Kuala,"['East', 'Estate', 'Writers Guild of America']"
99speedmart,convenience_store,99SpeedMart @(KH) Taman Sidam Kiri,"No: 9 & 10 (Ground Floor), Jalan Sidam Kiri 1, Taman Sidam Kiri, 08000 Sungai Petani, Kedah Darul Aman.","5°35'58.0""N","100°34'16.4""E",(KH) Taman Sidam Kiri,"['East', 'Estate', 'Writers Guild of America']"
99speedmart,convenience_store,99SpeedMart @(KH) Kulim Hi-Tech Park,"No : 6 & 7 (Ground Floor), Lorong KTC 3/20, Kulim Techno-City, Kulim Hi-Tech Park, 09090 Kulim, Kedah Darul Aman.","5°23'48.3""N","100°34'14.7""E",(KH) Kulim Hi-Tech Park,"['East', 'Estate', 'Writers Guild of America']"
99speedmart,convenience_store,99SpeedMart @(KH) Kota Bayu Jaya,"No: 3A & 5 (Ground Floor), Jalan Kota Bayu Jaya 1, Kota Bayu Jaya, 09100 Baling, Kedah Darul Aman.","5°39'29.4""N","100°55'5.5""E",(KH) Kota Bayu Jaya,"['East', 'Estate', 'Writers Guild of America']"
99speedmart,convenience_store,99SpeedMart @(KH) Bandar Puteri Jaya 2,"No : 228 & 229 (Ground Floor), Jalan Bukit Puteri 9/6, Bandar Puteri Jaya, 08000 Sungai Petani, Kedah Darul Aman.","5°36'51.7""N","100°32'49.2""E",(KH) Bandar Puteri Jaya 2,"['East', 'Estate', 'Writers Guild of America']"
99speedmart,convenience_store,99SpeedMart @(KH) Taman Mahsuri,"No : 3143 & 3144 (Ground Floor), Jalan Mahsuri 2/J, Taman Mahsuri, 09400 Padang Serai, Kedah Darul Aman.","5°30'15.8""N","100°32'56.3""E",(KH) Taman Mahsuri,"['East', 'Estate', 'Writers Guild of America']"
99speedmart,convenience_store,99SpeedMart @(KH) Taman Desa Jaya,"No : 251 & 252 (Ground Floor), Jalan Desa Jaya 9, Taman Desa Jaya, 08000 Sungai Petani, Kedah Darul Aman.","5°40'13.8""N","100°29'39.6""E",(KH) Taman Desa Jaya,"['East', 'Estate', 'Writers Guild of America']"
99speedmart,convenience_store,99SpeedMart @(KH) Taman Semarak,"No: 4 & 5 (Ground Floor), Jalan Semarak 1, Taman Semarak, 06720 Pendang, Kedah Darul Aman.","5°54'29.0""N","100°28'28.2""E",(KH) Taman Semarak,"['East', 'Estate', 'Writers Guild of America']"
99speedmart,convenience_store,99SpeedMart @(KH) Taman Saga,"No: 141 & 142 (Ground Floor), Jalan Saga Ria II, Taman Saga, Alor Mengkudu, 05400 Alor Setar, Kedah Darul Aman.","6°5'29.0""N","100°22'42.2""E",(KH) Taman Saga,"['East', 'Estate', 'Writers Guild of America']"
99speedmart,convenience_store,99SpeedMart @(KH) Kompleks Niaga Pintu Sepuluh,"No :19 & 20 (Ground Floor), Kompleks Perniagaan Jalan Pintu Sepuluh, 05100 Alor Setar, Kedah Darul Aman.","6°7'31.9""N","100°21'46.0""E",(KH) Kompleks Niaga Pintu Sepuluh,"['East', 'Estate', 'Writers Guild of America']"
99speedmart,convenience_store,99SpeedMart @(KH) Serdang Avenue,"No : 13A & 14A (Ground Floor), Jalan Tengah, Serdang Avenue, 09800 Serdang, Kedah Darul Aman.","5°12'37.6""N","100°36'39.6""E",(KH) Serdang Avenue,"['East', 'Estate', 'Writers Guild of America']"
99speedmart,convenience_store,99SpeedMart @(KH) Taman Seri Mahkota,"No: 124 (Ground Floor), Lorong Mahkota 8/1, Taman Seri Mahkota, 09000 Kulim, Kedah Darul Aman.","5°21'6.2""N","100°34'56.8""E",(KH) Taman Seri Mahkota,"['East', 'Estate', 'Writers Guild of America']"
99speedmart,convenience_store,99SpeedMart @(KH) Kawasan Perusahaan Tandop Baru,"No: A-4 & A-5  (Ground Floor), Susuran Tandop, Kawasan Perusahaan Tandop Baru, 05400 Alor Setar, Kedah Darul Aman.","6°4'48.1""N","100°21'37.3""E",(KH) Kawasan Perusahaan Tandop Baru,"['East', 'Estate', 'Writers Guild of America']"
99speedmart,convenience_store,99SpeedMart @(KH) Taman Seri Jenaris,"No: 49 & 50  (Ground Floor), Jalan Seri Jenaris 1, Taman Seri Jenaris, 08500 Tikam Batu, Kedah Darul Aman.","5°35'37.6""N","100°26'49.3""E",(KH) Taman Seri Jenaris,"['East', 'Estate', 'Writers Guild of America']"
99speedmart,convenience_store,99SpeedMart @(KH) KP Sultan Abdul Hamid,"No: 121 & 122  (Ground Floor), Kompleks Perniagaan Sultan Abdul Hamid, Persiaran SSAH 16,  05050 Alor Setar, Kedah Darul Aman.","6°6'13.4""N","100°21'32.1""E",(KH) KP Sultan Abdul Hamid,"['East', 'Estate', 'Writers Guild of America']"
99speedmart,convenience_store,99SpeedMart @(KH) Taman Sejahtera,"No: 13 & 14 (Ground Floor), Jalan Sejahtera 1, Taman Sejahtera, 08200 Sik, Kedah Darul Aman.","5°49'14.8""N","100°38'47.7""E",(KH) Taman Sejahtera,"['East', 'Estate', 'Writers Guild of America']"
99speedmart,convenience_store,99SpeedMart @(KH) Taman Vistana Indah,"No 2 (Ground Floor), Jalan Vistana Indah 1, Taman VIstana Indah, Jalan Langgar, 06500 Langgar, Kedah Darul Aman.","6°9'4.6""N","100°24'22.4""E",(KH) Taman Vistana Indah,"['East', 'Estate', 'Writers Guild of America']"
99speedmart,convenience_store,99SpeedMart @(KH) Kompleks Perniagaan Pelangi,"No: 19 & 20 (Ground Floor), Susuran Peremba 2, Kompleks Perniagaan Pelangi, Jalan Kuala Kedah, 05400 Alor Setar, Kedah Darul Aman.","6°6'5.4""N","100°20'44.2""E",(KH) Kompleks Perniagaan Pelangi,"['East', 'Estate', 'Writers Guild of America']"
99speedmart,convenience_store,99SpeedMart @(KH) Taman Desa Kamela,"No: 1 & 2 (Ground Floor), Jalan Kamela 1, Taman Desa Kamela, Jalan Sungai Korok, 05400 Alor Setar, Kedah Darul Aman.","6°3'20.5""N","100°22'7.7""E",(KH) Taman Desa Kamela,"['East', 'Estate', 'Writers Guild of America']"
99speedmart,convenience_store,99SpeedMart @(KH) Taman Jabi,"No: K-3 & K-4 (Ground Floor), Taman Jabi, Pokok Sena, 06400 Pokok Sena, Kedah Darul Aman.","6°10'0.5""N","100°29'55.1""E",(KH) Taman Jabi,"['East', 'Estate', 'Writers Guild of America']"
99speedmart,convenience_store,99SpeedMart @(KH) Kompleks Perniagaan Deltat,"No : 2 & 3 (Ground Floor), Kompleks Pernigaan Deltat, Jalan Kubang Rotan, 06250 Alor Setar, Kedah Darul Aman.","6°8'54.3""N","100°19'6.9""E",(KH) Kompleks Perniagaan Deltat,"['East', 'Estate', 'Writers Guild of America']"
99speedmart,convenience_store,99SpeedMart @(KH) Bandar Puteri Jaya 3,"No: 10 & 11 (Ground Floor), Jalan Puteri Height 1/2, Bandar Puteri Jaya, 08000 Sungai Petani, Kedah Darul Aman.","5°37'18.9""N","100°32'18.7""E",(KH) Bandar Puteri Jaya 3,"['East', 'Estate', 'Writers Guild of America']"
99speedmart,convenience_store,99SpeedMart @(KH) Jalan Datuk Kumbar,"No: 201 & 202 (Ground Floor), Jalan Datuk Kumbar, 05300 Alor Setar, Kedah Darul Aman.","6°7'9.8""N","100°23'5.1""E",(KH) Jalan Datuk Kumbar,"['East', 'Estate', 'Writers Guild of America']"
99speedmart,convenience_store,99SpeedMart @(KH) Pekan Jitra Dua,"No: 108 (Ground Floor), Jalan Pekan Jitra 2, Pekan Jitra 2, 06000 Jitra, Kedah Darul Aman.","6°15'30.4""N","100°24'57.3""E",(KH) Pekan Jitra Dua,"['East', 'Estate', 'Writers Guild of America']"
99speedmart,convenience_store,99SpeedMart @(KH) Taman Pulasan 2,"No: 668A (Ground Floor), Jalan Pulasan 1/2A, Taman Pulasan, 06000 Jitra, Kedah Darul Aman.","6°16'13.3""N","100°26'27.7""E",(KH) Taman Pulasan 2,"['East', 'Estate', 'Writers Guild of America']"
99speedmart,convenience_store,99SpeedMart @(KH) Taman Mergong Jaya,"No: 298 & 299 (Ground Floor), Susuran Kebaya, Taman Mergong Jaya , 06250 Alor Setar, Kedah Darul Aman.","6°8'25.7""N","100°19'58.4""E",(KH) Taman Mergong Jaya,"['East', 'Estate', 'Writers Guild of America']"
99speedmart,convenience_store,99SpeedMart @(KH) Kompleks Perniagaan Hidayah,"No: 4 & 5 (Ground Floor), Jalan Hidayah, Kompleks Perniagaan Hidayah, Jalan Hutan Kampung, 05350 Alor Setar, Kedah Darul Aman.","6°9'8.2""N","100°23'47.6""E",(KH) Kompleks Perniagaan Hidayah,"['East', 'Estate', 'Writers Guild of America']"
99speedmart,convenience_store,99SpeedMart @(KH) Kompleks Perniagaan Pelangi 2,"No: 95 & 96 (Ground Floor), Susuran Pelangi, Kompleks Perniagaan Pelangi, 06000 Jitra, Kedah Darul Aman.","6°16'29.9""N","100°24'6.9""E",(KH) Kompleks Perniagaan Pelangi 2,"['East', 'Estate', 'Writers Guild of America']"
99speedmart,convenience_store,99SpeedMart @(KH) Kompleks Perniagaan Langgar,"No: 28 & 29 (Ground Floor), Kompleks Perniagaan Langgar, 06500 Langgar, Kedah Darul Aman.","6°8'43.4""N","100°26'0.6""E",(KH) Kompleks Perniagaan Langgar,"['East', 'Estate', 'Writers Guild of America']"
99speedmart,convenience_store,99SpeedMart @(KH) Taman Bawal,"No: 37 & 38 (Ground Floor), Jalan Bawal 3, Taman Bawal, 06150 Ayer Hitam, Kedah Darul Aman.","6°13'34.4""N","100°15'20.7""E",(KH) Taman Bawal,"['East', 'Estate', 'Writers Guild of America']"
99speedmart,convenience_store,99SpeedMart @(KH) Kompleks Perniagaan Wawasan,"No: 43 & 45 (Ground Floor), Kompleks Perniagaan Wawasan, Taman Wawasan, 06800 Kota Sarang Semut, Kedah Darul Aman.","5°58'17.8""N","100°23'52.0""E",(KH) Kompleks Perniagaan Wawasan,"['East', 'Estate', 'Writers Guild of America']"
99speedmart,convenience_store,99SpeedMart @(KH) Taman Jelutong,"No: 18 & 19 (Ground Floor), Lorong Jelutong 1/1, Taman Jelutong, 06010 Changlun, Kedah Darul Aman.","6°23'54.6""N","100°25'26.7""E",(KH) Taman Jelutong,"['East', 'Estate', 'Writers Guild of America']"
99speedmart,convenience_store,99SpeedMart @(KH) Taman Desa Murni Dua,"No: 11 & 12 (Ground Floor), Jalan Jenun, Taman Desa Murni 2, 08800 Guar Chempedak, Kedah Darul Aman.","5°51'31.1""N","100°27'31.8""E",(KH) Taman Desa Murni Dua,"['East', 'Estate', 'Writers Guild of America']"
99speedmart,convenience_store,99SpeedMart @(KH) Taman Melur,"No: M40 & M41 (Ground Floor), Jalan Melur 1, Taman Melur, Jalan Wang Tepus, 06000 Jitra, Kedah Darul Aman.","6°14'12.9""N","100°26'20.3""E",(KH) Taman Melur,"['East', 'Estate', 'Writers Guild of America']"
99speedmart,convenience_store,99SpeedMart @(KH) Taman Semarak Api Tiga,"No: 229 & 230 (Ground Floor), Susuran Semarak Api Fasa 3, Taman Semarak Api 3, 06010 Changloon, Kedah Darul Aman.","6°26'54.0""N","100°27'18.6""E",(KH) Taman Semarak Api Tiga,"['East', 'Estate', 'Writers Guild of America']"
99speedmart,convenience_store,99SpeedMart @(KH) Taman Teja,"No: 69 & 70 (Ground Floor), Lorong Teja 2, Taman Teja, 06010 Changloon, Kedah Darul Aman","6°26'28.4""N","100°25'30.2""E",(KH) Taman Teja,"['East', 'Estate', 'Writers Guild of America']"
99speedmart,convenience_store,99SpeedMart @(KH) PP Tuanku Haminah,"No: 102 & 103 (Ground Floor), Susuran Tuanku Haminah, Pusat Perdagangan Tuanku Haminah, 05150 Alor Setar, Kedah Darul Aman.","6°7'21.9""N","100°20'42.6""E",(KH) PP Tuanku Haminah,"['East', 'Estate', 'Writers Guild of America']"
99speedmart,convenience_store,99SpeedMart @(KH) Taman Akasia,"No: 143 & 144 (Ground Floor), Jalan Akasia 4, Taman Akasia, 06300 Kuala Nerang, Kedah Darul Aman.","6°15'42.1""N","100°36'38.7""E",(KH) Taman Akasia,"['East', 'Estate', 'Writers Guild of America']"
99speedmart,convenience_store,99SpeedMart @(KH) Taman Cemerlang,"No: 5 & 6 (Ground Floor), Persiaran Cemerlang, Taman Cemerlang, 06700 Pendang, Kedah Darul Aman.","5°58'35.5""N","100°27'19.2""E",(KH) Taman Cemerlang,"['East', 'Estate', 'Writers Guild of America']"
99speedmart,convenience_store,99SpeedMart @(KH) Taman Kekwa,"No: 1 & 2 (Ground Floor), Jalan Kekwa 1, Taman Kekwa, Jalan Kuala Kedah, 06600 Kuala Kedah, Kedah Darul Aman.","6°5'45.2""N","100°20'15.5""E",(KH) Taman Kekwa,"['East', 'Estate', 'Writers Guild of America']"
99speedmart,convenience_store,99SpeedMart @(KH) Pekan Pokok Sena,"No: 105 & 106 (Ground Floor), Susuran Pokok Sena, Pekan Pokok Sena, 06400 Pokok Sena,  Kedah Darul Aman.","6°10'5.6""N","100°30'45.2""E",(KH) Pekan Pokok Sena,"['East', 'Estate', 'Writers Guild of America']"
99speedmart,convenience_store,99SpeedMart @(KH) KP Alor Janggus,"No: 3A & 5 (Ground Floor), Jalan Kompleks Perniagaan Alor Janggus, Kompleks Perniagaan Alor Janggus, 06250 Alor Setar, Kedah Darul Aman.","6°10'10.5""N","100°18'11.0""E",(KH) KP Alor Janggus,"['East', 'Estate', 'Writers Guild of America']"
99speedmart,convenience_store,99SpeedMart @(KH) Taman Seri Idaman,"No: 22 & 23 (Ground Floor), Taman Seri Idaman, Jalan Kuala Kedah, 06600 Kuala Kedah, Kedah Darul Aman.","6°5'44.6""N","100°18'5.5""E",(KH) Taman Seri Idaman,"['East', 'Estate', 'Writers Guild of America']"
99speedmart,convenience_store,99SpeedMart @(KH) KP Setanjung Jaya,"No: 19 & 20 (Ground Floor), Jalan Susuran Setanjung Jaya, Kompleks Perniagaan Setanjung Jaya, 06910 Yan, Kedah Darul Aman.","5°54'35.1""N","100°22'22.0""E",(KH) KP Setanjung Jaya,"['East', 'Estate', 'Writers Guild of America']"
99speedmart,convenience_store,99SpeedMart @(KH) Taman Derga Jaya,"No: 640 & 641 (Ground Floor), Taman Derga Jaya, Jalan Datuk Kumbar, 05300 Alor Setar, Kedah Darul Aman.","6°6'50.6""N","100°23'55.1""E",(KH) Taman Derga Jaya,"['East', 'Estate', 'Writers Guild of America']"
99speedmart,convenience_store,99SpeedMart @(KH) Pusat Bandar Barat,"No: 64 & 65 (Ground Floor), Pusat Bandar Barat, 06000 Jitra, Kedah Darul Aman.","6°14'11.5""N","100°25'14.6""E",(KH) Pusat Bandar Barat,"['East', 'Estate', 'Writers Guild of America']"
99speedmart,convenience_store,99SpeedMart @(KH) Taman Industri Saujana,"No: 6 (Ground Floor), Jalan Saujana 3, Taman Industri Saujana, 09600 Lunas, Kedah Darul Aman.","5°25'56.4""N","100°32'50.1""E",(KH) Taman Industri Saujana,"['East', 'Estate', 'Writers Guild of America']"
99speedmart,convenience_store,99SpeedMart @(KH) Pekan Sik,"No: 5 & 6 (Ground Floor), Pekan Sik, Kompleks Perniagaan Bunga Raya, 08200 Sik, Kedah Darul Aman.","5°48'59.5""N","100°44'38.0""E",(KH) Pekan Sik,"['East', 'Estate', 'Writers Guild of America']"
99speedmart,convenience_store,99SpeedMart @(KH) Lorong Merpati,"No: 947 & 948 (Ground Floor), Lorong Merpati, 05200 Alor Setar, Kedah Darul Aman.","6°7'11.6""N","100°22'19.1""E",(KH) Lorong Merpati,"['East', 'Estate', 'Writers Guild of America']"
99speedmart,convenience_store,99SpeedMart @(KH) Taman Selesa,"No: 8 (Ground Floor), Jalan Selesa 1, Taman Selesa, Simpang Kuala, 05400 Alor Setar, Kedah Darul Aman.","6°5'44.4""N","100°21'41.2""E",(KH) Taman Selesa,"['East', 'Estate', 'Writers Guild of America']"
99speedmart,convenience_store,99SpeedMart @(KH)  JP Jelatik,"No: 2 & 3 (Ground Floor), Jalan Langgar, Kompleks Perniagaan Jelatik, 05460 Alor Setar, Kedah Darul Aman.","6°7'56.9""N","100°23'13.8""E",(KH)  JP Jelatik,"['East', 'Estate', 'Writers Guild of America']"
99speedmart,convenience_store,99SpeedMart @(KH) Taman Pinang Jaya,"No: 14 & 15 (Ground Floor), Taman Pinang Jaya, Bukit Pinang, 06200 Kepala Batas, Kedah Darul Aman.","6°11'22.4""N","100°25'38.9""E",(KH) Taman Pinang Jaya,"['East', 'Estate', 'Writers Guild of America']"
99speedmart,convenience_store,99SpeedMart @(KH) Taman Seraya,"No: 192 & 193 (Ground Floor), Susuran Seraya 2, Taman Seraya, 06010 Changlun, Kedah Darul Aman.","6°26'8.3""N","100°26'16.0""E",(KH) Taman Seraya,"['East', 'Estate', 'Writers Guild of America']"
99speedmart,convenience_store,99SpeedMart @(KH) Taman Kasturi,"No: 7 & 8 (Ground Floor), Jalan Kasturi 1, Taman Kasturi, 08000 Sungai Petani, Kedah Darul Aman.","5°39'24.7""N","100°27'44.8""E",(KH) Taman Kasturi,"['East', 'Estate', 'Writers Guild of America']"
99speedmart,convenience_store,99SpeedMart @(KH) Taman Kemudi,"No: A-2 & A-3 (Ground Floor), Fasa 4, Taman Kemudi, Jalan Kuala Kedah, 06600 Kuala Kedah, Kedah Darul Aman.","6°5'39.8""N","100°19'6.5""E",(KH) Taman Kemudi,"['East', 'Estate', 'Writers Guild of America']"
99speedmart,convenience_store,99SpeedMart @(KH) Taman Keranji,"No: 24 & 25 (Ground Floor), Lorong Keranji 1, Taman Keranji, 09000 Kulim, Kedah Darul Aman.","5°22'10.0""N","100°32'22.2""E",(KH) Taman Keranji,"['East', 'Estate', 'Writers Guild of America']"
99speedmart,convenience_store,99SpeedMart @(KH) Taman Sri Nyior,"No: 4 & 5 (Ground Floor), Taman Sri Nyior, 06000 Jitra, Kedah Darul Aman.","6°17'2.0""N","100°23'0.8""E",(KH) Taman Sri Nyior,"['East', 'Estate', 'Writers Guild of America']"
99speedmart,convenience_store,99SpeedMart @(KH) Taman Tanjung Indah,"No: 10 & 11 (Ground Floor), Jalan Tanjung Indah 1, Taman Tanjung Indah, 09000 Kulim, Kedah Darul Aman.","5°20'19.0""N","100°32'5.4""E",(KH) Taman Tanjung Indah,"['East', 'Estate', 'Writers Guild of America']"
99speedmart,convenience_store,99SpeedMart @(KH) Taman Kempas Indah,"No: 818 & 819 (Ground Floor), Jalan Taman Kempas 3, Taman Kempas Indah 3, 09000 Kulim, Kedah Darul Aman.","5°21'54.1""N","100°31'38.8""E",(KH) Taman Kempas Indah,"['East', 'Estate', 'Writers Guild of America']"
99speedmart,convenience_store,99SpeedMart @(KH) Medan Putra,"No: 13 & 14 (Ground Floor), Medan Putra Fasa 2, Jalan Kampung Berjaya, 05450 Alor Setar, Kedah Darul Aman.","6°7'21.4""N","100°21'18.3""E",(KH) Medan Putra,"['East', 'Estate', 'Writers Guild of America']"
99speedmart,convenience_store,99SpeedMart @(KH) Taman Sri Sanglang,"No: 4 & 5  (Ground Floor), Susuran Sri Sanglang, Taman Sri Sanglang, 06150 Ayer Hitam, Kedah Darul Aman.","6°15'41.4""N","100°11'48.0""E",(KH) Taman Sri Sanglang,"['East', 'Estate', 'Writers Guild of America']"
99speedmart,convenience_store,99SpeedMart @(KH) Taman Bersatu,"No: 352 & 353  (Ground Floor), Taman Bersatu, Jalan Batas Paip, 06600 Kuala Kedah, Kedah Darul Aman.","6°5'12.3""N","100°18'25.9""E",(KH) Taman Bersatu,"['East', 'Estate', 'Writers Guild of America']"
99speedmart,convenience_store,99SpeedMart @3311-(KH) Kompleks Darul Qiyam,"Lot 10,11,12,13, K1 & K2 (Ground Floor), Kompleks Darul Qiyam, Jalan Perumahan Kerajaan Bazaar Darul, 06050 Bukit Kayu Hitam, Kedah Darul Aman.","6°30'19.2""N","100°25'12.1""E",3311-(KH) Kompleks Darul Qiyam,"['East', 'Estate', 'Writers Guild of America']"
99speedmart,convenience_store,99SpeedMart @3313-(KH) Plaza Gunung Indah,"No 11 (Ground Floor), Plaza Gunung Indah, Jalan Kuala Kedah, 05400 Alor Setar, Kedah Darul Aman.","6°5'47.5""N","100°21'7.7""E",3313-(KH) Plaza Gunung Indah,"['East', 'Estate', 'Writers Guild of America']"
99speedmart,convenience_store,99SpeedMart @(KH) Taman Bayu Indah,"No: 1A & 2A (Ground Floor), Jalan Bayu Indah 1, Taman Bayu Indah, Sungai Lalang, 08000 Sungai Petani, Kedah Darul Aman.","5°42'23.6""N","100°32'27.0""E",(KH) Taman Bayu Indah,"['East', 'Estate', 'Writers Guild of America']"
99speedmart,convenience_store,99SpeedMart @(KH) Pekan Pumpong,"No: 2511A & 2512A (Ground Floor), Pekan Pumpong, 05250 Alor Setar, Kedah Darul Aman.","6°9'12.8""N","100°21'59.1""E",(KH) Pekan Pumpong,"['East', 'Estate', 'Writers Guild of America']"
99speedmart,convenience_store,99SpeedMart @(KH) Bandar Perdana,"No: 3 & 4 (Ground Floor), Bandar Perdana, 08000 Sungai Petani, Kedah Darul Aman.","5°36'37.4""N","100°30'43.1""E",(KH) Bandar Perdana,"['East', 'Estate', 'Writers Guild of America']"
