99speedmart,convenience_store,99SpeedMart @Desa Aman Puri,"No:2-39A-A-G & 2-39A-A-I(Ground & Mezzanine Floor),Jalan Desa 1/1, Desa Aman Puri,52100 Kuala Lumpur.",3.210939,101.615433,Desa Aman Puri,"['Poliklinik Baljit (Desa Aman Puri) Kepong. KL', 'TaT Chong Hardware Enterprise', 'Poliklinik Baljit']"
99speedmart,convenience_store,99SpeedMart @Sri Damansara 1,"NO: 20-1, Jalan Damar SD 15/1,  Bandar Sri Damansara,  52200 Kuala Lumpur.",3.18478,101.607868,Sri Damansara 1,"[""Rainin Cats 'N' Dogs"", 'Rinse KL', 'Sri Damansara Pet Medical Centre']"
99speedmart,convenience_store,99SpeedMart @Ampang Hilir,"No. B6 & B7, Jalan Excella 1, Jalan Ampang Hilir, 55100 Kuala Lumpur.",3.150832,101.747527,Ampang Hilir,"['Revival Centre Kuala Lumpur', '鲜记香港火锅 XianJi Hong Kong Hotpot', 'Teh Lin Prosthetic & Orthopaedic Co']"
99speedmart,convenience_store,99SpeedMart @Bukit Bintang,"NO: 5 & 7 (Ground Floor),  Jalan Bukit Bintang,  55100 Kuala Lumpur.",3.144062,101.707819,Bukit Bintang,"['KLOC Space', 'Balenciaga', 'Casa Nova Kafe']"
99speedmart,convenience_store,99SpeedMart @Taman Maluri,"No.289 & 291(Ground Floor), Jalan Mahkota, Taman Maluri, 55100 Kuala Lumpur.",3.128946,101.732215,Taman Maluri,"['Health Lane', 'K27 Karaoke', 'Guardian Pharmacy Taman Maluri']"
99speedmart,convenience_store,99SpeedMart @Seri Petaling,"No. 10 & 12(Ground Floor), Jalan 1/149 D, Bandar Baru Seri Petaling, 57000 Kuala Lumpur.",3.067613,101.686061,Seri Petaling,"['KK 24 Hrs Mart', 'Mr. Wu Taiwanese Restaurant', 'MM Diy Hardware']"
99speedmart,convenience_store,99SpeedMart @Bandar Manjalara 1,"NO:1 (Ground Floor),  Jalan Medan Putra 6,  Medan Putra Business Centre,Bandar Manjalara,  52200 Kuala Lumpur.",3.191904,101.624424,Bandar Manjalara 1,"['Hu Sheng Vegetarian Restaurant', 'LaundryBar Self-Service Coin Laundry', 'Restoran Sri Ala Kampung']"
99speedmart,convenience_store,99SpeedMart @Desa Business Park,"No.1 & 3(Ground Floor), Jalan 109E, Desa Business Park, Taman Desa, 58100 Kuala Lumpur.",3.097579,101.677133,Desa Business Park,"['Red Apple Travel & Tours', 'SpeedMart Taman Desa', 'Mamak Stall (besides Balai Bomba)']"
99speedmart,convenience_store,99SpeedMart @Taman Tun,"NO: 20 & 22 (Ground Floor),  Lorong Rahim Kajai 14,  Taman Tun Dr. Ismail,60000 Kuala Lumpur.",3.154775,101.623169,Taman Tun,"['Crackhouse Comedy Club', 'Thai Relax Reflexology', 'ConceptEleven Services']"
99speedmart,convenience_store,99SpeedMart @Desa Pandan,"No.37 & 39(Ground Floor), Jalan 5/76B, Desa Pandan, 55100 Kuala Lumpur.",3.14644,101.73756,Desa Pandan,"['Bubble B Laundry', 'Abacus Training Centre', 'N.N.F Asam Pedas Meletop']"
99speedmart,convenience_store,99SpeedMart @Kepong Baru 1,"NO: 17 & 19 (Ground Floor),  Jalan Ambong Kiri 2,  Kepong Baru,52100 Kuala Lumpur.",3.210382,101.646847,Kepong Baru 1,"['中民文具', 'Ong Auto Electrical', 'Yip Kee Wantan Mee']"
99speedmart,convenience_store,99SpeedMart @Dataran Jelatek,"Unit G-08, Dataran Jelatek, Jalan Jelatek, 54200 Kuala Lumpur.",3.175568,101.734974,Dataran Jelatek,"['GSTPhone Whole Sales Low Price Everydays', 'Menuetto Music @ Dataran Jelatek']"
99speedmart,convenience_store,99SpeedMart @Taman Megan Sri Rampai,"No.7 & 9(Ground Floor), Jalan Megan Setapak 1, Taman Megan Sri Rampai, 53300 Kuala Lumpur.",3.1944,101.729361,Taman Megan Sri Rampai,"['Get Gorgeous', 'ECO Kedai Dobi (24 Jam)', 'Megan Setapak']"
99speedmart,convenience_store,99SpeedMart @Sungai Besi 1,"No.145 E(Ground Floor), Jalan Sungai Besi, 57100 Kuala Lumpur.",3.126847,101.710984,Sungai Besi 1,"['Southgate', 'Kee Seng Hardware Sdn Bhd', 'Kwong Yee New Pagoda']"
99speedmart,convenience_store,99SpeedMart @Brickfields,"No:3A-G & 5-G, Shop Lot (Hotel Sentral), No:30, Jalan Thambapillai, Brickfields,50470 Kuala Lumpur.",3.131957,101.687928,Brickfields,"['Euro Life Hotel', 'Citi Hotel', 'Cozy Hotel']"
99speedmart,convenience_store,"99SpeedMart @Permata Magna, Kepong","No:17 & 19(G), Permata Magna, Jalan Metro 2, Off Jalan Kepong, 52100 Kuala Lumpur.",3.213103,101.636964,"Permata Magna, Kepong","['材記麵家', 'SK Fabric']"
99speedmart,convenience_store,99SpeedMart @Taman Muda,"No.4 & 6(Ground Floor), Jalan Bunga Tanjong 8A, Taman Muda, 56100 Kuala Lumpur.",3.120119,101.760905,Taman Muda,"['Balai Polis Taman Muda', 'Restoran Shin Wa 兴华茶餐室', '天心佛堂']"
99speedmart,convenience_store,99SpeedMart @Taman Sri Sinar,"NO: 2 & 4 (Ground Floor), Jalan 6/38D, Taman Sri Sinar,51200 Kuala Lumpur.",3.189108,101.653294,Taman Sri Sinar,"['Everson Legacy', 'Miko Ancient Tea House', 'Shalom Hair Salon']"
99speedmart,convenience_store,99SpeedMart @Taman Sri Rampai 2,"No.39 & 41(Ground Floor), Jalan 46A/26, Taman Sri Rampai, 53300 Kuala Lumpur.",3.195332,101.731154,Taman Sri Rampai 2,"['Kedai Basikal Cahaya', 'Rahsia Jelita', 'Jw Cyclist (Jin Wall Enterpries)']"
99speedmart,convenience_store,99SpeedMart @Taman Bukit OUG,"No.25 & 27(Ground Floor), Jalan 6/155, Bukit Jalil Integrated Business Park, Taman Bukit OUG, 58200 Kuala Lumpur.",3.062214,101.664078,Taman Bukit OUG,"['Restaurant 628', 'Fit Factor Gym Bukit OUG']"
99speedmart,convenience_store,99SpeedMart @Taman Melati Utama,"No.11-G & 15-G, Jalan Melati Utama 2, Taman Melati Utama, 53100 Kuala Lumpur.",3.222476,101.728301,Taman Melati Utama,"['Restoran RK Fathima', 'Mishaltit', '高怡记茶餐室']"
99speedmart,convenience_store,99SpeedMart @Bandar Sri Permaisuri 1,"No: 10, 12 & 12A (G), Jalan Dwitasik, Dataran Dwitasik, Bdr Sri Permaisuri, 56000 Kuala Lumpur.",3.099893,101.712872,Bandar Sri Permaisuri 1,"['Ideal Cut Hair Salon', 'Smart Wash Laundry & Dobi', 'Popular Auto Service Center']"
99speedmart,convenience_store,99SpeedMart @Taman Bangsar,"NO: 90 & 92 (Ground Floor),  Lorong Maarof,  Taman Bangsar,59000 Kuala Lumpur.",3.131914,101.673208,Taman Bangsar,"['Aiswaria', 'Niko Neko Matcha', 'Taman Hati']"
99speedmart,convenience_store,99SpeedMart @Taman Lembah Maju,"No.1(Ground & Mezzanine Floor), Jalan Maju 3/3, Taman Lembah Maju, 56100 Kuala Lumpur.",3.125122,101.756196,Taman Lembah Maju,"['饮饮食食茶餐室', 'Yen Bakery', 'SL Yen Bakery Supply Sdn Bhd']"
99speedmart,convenience_store,99SpeedMart @Taman Mastiara,"NO: 22-1, Jalan 5/18A,  Taman Mastiara, Batu 5 1/2,  Off Jalan Ipoh,51200 Kuala Lumpur.",3.210714,101.674249,Taman Mastiara,"['Multiple Parts Supply Sdn Bhd', 'ATS Gym & Fitness Centre']"
99speedmart,convenience_store,99SpeedMart @Jinjang Utara,"Lot 7709 (3472) No:50 &  Lot 7710 (3473) No:48,  Jalan Jinjang Utama,Jinjang Utara,  52000 Kuala Lumpur.",3.211421,101.658982,Jinjang Utara,"['Wing Sang Medical Hall 永生中医药行', 'Tuaa Mark Pan Mee House (大眼板面家)']"
99speedmart,convenience_store,99SpeedMart @Taman Medan Idaman,"No: 2A & 6 (Ground Floor),  Jalan 6/21D,  Taman Medan Idaman,53100 Kuala Lumpur.",3.212535,101.712057,Taman Medan Idaman,"['Ideal Music', 'PAK Sikat Production']"
99speedmart,convenience_store,99SpeedMart @Sungai Besi 2,"No: 7 & 9 (Ground Floor),  Jalan 1C/149,  Off Jalan Sungai Besi,57100 Kuala Lumpur.",3.068417,101.705276,Sungai Besi 2,"['Kedai Kopi Sin Soon Kee', 'Restoran H-M Gani-H', 'Mr Tech Telecommunication']"
99speedmart,convenience_store,99SpeedMart @Bandar Baru Sri Damansara,"No: 15, 16 & 17 (Ground Floor),  Jalan Dagangan SD 2/1G,  Bandar Baru Sri Damansara,Kepong,  52200 Kuala Lumpur.",3.201405,101.623716,Bandar Baru Sri Damansara,"['Restoran Sri Ala Kampung', ""Domino's Pizza Aman Puri"", 'Poliklinik Kumpulan City']"
99speedmart,convenience_store,99SpeedMart @Pandan Jaya 1,"No: 2 (Ground Floor),  Jalan Pandan 2/2,  Pandan Jaya,55100 Kuala Lumpur.",3.134517,101.739425,Pandan Jaya 1,"['Elegance de Bellezza (Cellnique)', 'Restoran Pandan Jaya 新潮茶室']"
99speedmart,convenience_store,99SpeedMart @Taman Indah Perdana,"No: 2&4, Jalan Perdana 5,  Taman Indah Perdana,  52100 Kuala Lumpur.",3.219509,101.637159,Taman Indah Perdana,"['泰和堂参茸药行', 'Chong Hwa Kedai Ubat & Runcit']"
99speedmart,convenience_store,99SpeedMart @Jalan Pudu Ulu,"No: 91 & 93 (Ground Floor),  Jalan Villa Shoplex,  Pudu Impian 3,Jalan Pudu Ulu,Off Jalan Cheras,55100 Kuala Lumpur.",3.118908,101.731187,Jalan Pudu Ulu,"['Pudu Ulu Restoran Jiu Li Xiang', 'Vape Junction', 'Activate Fitness Gymnasium']"
99speedmart,convenience_store,99SpeedMart @Desa Sri Hartamas,"No: 9 & 11 (Ground Floor),  Jalan 26A/70A,  Desa Sri Hartamas,50480 Kuala Lumpur.",3.16132,101.650109,Desa Sri Hartamas,"['Ancient Thai Herbal Spa & Beauty', 'Mr.Lim Korean BBQ Restaurant']"
99speedmart,convenience_store,99SpeedMart @Taman Desa Bakti,"No: 2 (Ground Floor),  Jalan 2A/2B,  Taman Desa Bakti,  Selayang, 68100 Kuala Lumpur.",3.242384,101.662373,Taman Desa Bakti,"['Restoran Istilah Taman Wilayah Selayang', 'Klinik Low ( Medical & Surgical Clinic) 刘药房']"
99speedmart,convenience_store,99SpeedMart @Pandan Indah 1,"No: 94 (Ground Floor),  Jalan Pandan Indah 4/6B,  Pandan Indah,  55100 Kuala Lumpur.",3.131539,101.754854,Pandan Indah 1,"['Sweet Life Cafe', 'Sadomen Spa', 'Saifon Thai Seafood Restaurant']"
99speedmart,convenience_store,99SpeedMart @Taman Fadason,"No: 92 & 92A (Ground Floor),  Jalan 2/17,Taman Fadason,Off Jalan Kepong,52000 Kuala Lumpur.",3.215438,101.653229,Taman Fadason,"['Restoran Fadason Corner 发德城', '棗子樹素食館']"
99speedmart,convenience_store,99SpeedMart @Taman Tenaga,"No: 32 (Ground Floor),  Jalan Sembilang,  Taman Tenaga,56000 Kuala Lumpur.",3.1142,101.725372,Taman Tenaga,"['Abbidal Seafood', '7-Eleven', 'Bismillah Taman Tenaga']"
99speedmart,convenience_store,99SpeedMart @Taman Segar Cheras,"No: 37(G & MF), Jalan Manis 3, Tmn Segar, Cheras, 56100 Kuala Lumpur.",3.089854,101.743053,Taman Segar Cheras,"['DoubleC Premium CyberCafe Taman Segar', '足殿堂']"
99speedmart,convenience_store,99SpeedMart @Kepong Baru 2,"No: 56 & 58 (Ground Floor),Jalan 56, Persiaran Mergastua,Kepong Baru,52100 Kuala Lumpur.",3.202027,101.645495,Kepong Baru 2,"['MTS水果批发', '永生中醫針灸藥行', '永生中医针灸药行']"
99speedmart,convenience_store,99SpeedMart @Taman Danau Kota,"No: 12A & 16 (Ground Floor),Jalan Danau Niaga 1,Taman Danau Kota,53300 Kuala Lumpur.",3.202948,101.716917,Taman Danau Kota,"['Partita Music & Art', 'Senjacolour Studio', ""7 Day's Hotel""]"
99speedmart,convenience_store,99SpeedMart @Taman City,"No: 134 (Ground Floor),Jalan Matang 2,Taman City, OFF Jalan Kuching,51200 Kuala Lumpur.",3.19817,101.671983,Taman City,"['Cleanpro Express Taman Sri Kuching', 'IJM Site Office']"
99speedmart,convenience_store,99SpeedMart @Alam Damai 1,"No: 5 & 7 (Ground Floor),Jalan Damai Niaga,  Alam Damai,56000 Kuala Lumpur.",3.074277,101.73756,Alam Damai 1,"['Klinik Dr Nurul', 'Beserah House', 'Gooya Hair & Beauty Centre']"
99speedmart,convenience_store,99SpeedMart @Pandan Perdana,"No: 70 & 72 (Ground Floor),  Jalan Perdana 6/8,  Pandan Perdana,55300 Kuala Lumpur.",3.112191,101.74363,Pandan Perdana,"['Dr.Cermin No.13-G-2', 'Race Tech Motorsport Sdn Bhd', 'Richer Life Outreach @ Pandan Safari']"
99speedmart,convenience_store,99SpeedMart @Jalan Hang Kasturi,"No: 34 (Ground Floor),Jalan Hang Kasturi,50050 Kuala Lumpur.",3.14538,101.695803,Jalan Hang Kasturi,"['ZigZag Travellers Home', 'Central Market (Pasar Seni)', 'Surau Central Market']"
99speedmart,convenience_store,99SpeedMart @Taman Daya,"No: 42 & 44 (Ground Floor),Jalan Daya 7,Taman Daya,Kepong,52100 Kuala Lumpur.",3.22251,101.63730,Taman Daya,"['永昇茶餐室', 'Clinic Raja', 'Jestwin Hair Design & Beauty Saloon']"
99speedmart,convenience_store,99SpeedMart @Jalan Sentul,"No: 668 & 670 (Ground Floor),Jalan Sentul,51000 Kuala Lumpur.",3.17451,101.69264,Jalan Sentul,"['Restoran Yasin Curry House', 'L&S Motor Spare Part', 'Sentul Motor Accesories']"
99speedmart,convenience_store,99SpeedMart @Taman Tan Yew Lai,"No: 25 & 27 (Ground Floor),Jalan Tan Yew Lai,Taman Tan Yew Lai,58200 Kuala Lumpur.",3.07337,101.66286,Taman Tan Yew Lai,"['Kaw Kaw Pakkopi 濃濃白咖啡', 'Restoran Dua Puluh Dua', 'Arkitek Daya Seni Sdn. Bhd.']"
99speedmart,convenience_store,99SpeedMart @Jalan Suppiah Pillay,"No: 27 & 29 (GF),Jalan Suppiah Pillay,Off Jalan Ipoh,51200 Kuala Lumpur.",3.17763,101.68520,Jalan Suppiah Pillay,"['Holistic Arogya', 'Webweaver Learning Center', 'Tasty Chapati Cuisine']"
99speedmart,convenience_store,99SpeedMart @Jalan Pangkor,"No: 2 & 4 (GF),Jalan Pangkor,Off Jalan Tun Razak,50400 Kuala Lumpur.",3.17180,101.69707,Jalan Pangkor,"['Pekeliling Kopitiam', '7-Eleven @ Jln Lumut']"
99speedmart,convenience_store,99SpeedMart @Bandar Sri Permaisuri 2,"No: 3 & 5(G), Jln Sri Permaisuri 8, Bdr Sri Permaisuri, Cheras, 56000 Kuala Lumpur.",3.10252,101.70861,Bandar Sri Permaisuri 2,"['Pusat Tayar Continental', 'Jabatan Pengangkutan Jalan (JPJ)']"
99speedmart,convenience_store,99SpeedMart @Taman Batu,"No: 65 & 67 (GF),Jalan Jambu,Taman Batu,50000 Kuala Lumpur.",3.19938,101.66651,Taman Batu,"['Farmasi Cosway', 'newplace']"
99speedmart,convenience_store,99SpeedMart @Bukit Jalil 1,"No: 9-2A-G & 9-6-G,Jalan 15/155B,Aked Esplanad Bukit Jalil,57000 Kuala Lumpur.",3.06125,101.67639,Bukit Jalil 1,"['Asti Cycle Works', 'Campus Rangers', 'Faceit Solution']"
99speedmart,convenience_store,99SpeedMart @Jalan Kenanga,"No: 28 (GF),Jalan Gelugor,OFF Jalan Kenanga,55200 Kuala Lumpur.",3.13615,101.70697,Jalan Kenanga,"['Butterfly Boutique', 'Swimming Pool Chinwoo Court', 'Pasar Malam San Peng']"
99speedmart,convenience_store,99SpeedMart @Jalan Changkat Thamby Dollah,"No: 91,93&95 (GF),Jalan Changkat Thamby Dollah,55100 Kuala Lumpur.",3.14047,101.71173,Jalan Changkat Thamby Dollah,"['HealthLand Wellness Center', '鑫海宴Xin Hai Yan Restaurant']"
99speedmart,convenience_store,99SpeedMart @Jalan Cheras,"No: 43 & 44(G), Batu 2 1/2, Jalan Cheras, 56100 Kuala Lumpur.",3.12908,101.72040,Jalan Cheras,"['HWAJING TRAVEL & TOURS S/B', 'Caltex Jalan Cheras', 'Clean Pro Express']"
99speedmart,convenience_store,99SpeedMart @Taman Overseas Union,"No:41 (GF),Jalan Hujan Rahmat,Taman Overseas Union,58200 Kuala Lumpur.",3.07360,101.67360,Taman Overseas Union,"['J & E Little Kitchen', 'Mani & Pedi Nail Spa']"
99speedmart,convenience_store,99SpeedMart @Taman Pantai Indah,"No: 11 (GF),Jalan 2/112F,Taman Pantai Indah,OFF Jalan Pantai Dalam,59200 Kuala Lumpur.",3.09385,101.66922,Taman Pantai Indah,"['Al-Ikhwan Barber', 'Perdana Auditorium', 'Klinik Medic Bestari']"
99speedmart,convenience_store,99SpeedMart @Taman Setapak Indah,"No: 24 (GF),Jalan 5A/6,Taman Setapak Indah,53100 Kuala Lumpur.",3.20914,101.71939,Taman Setapak Indah,"['海鸥美食中心', 'Jia Kopitiam']"
99speedmart,convenience_store,99SpeedMart @Bandar Baru Sentul,"No: 43-0-15 & 43-0-16 (GF),Jalan 1/48A,Sentul Perdana,Bandar Baru Sentul,51000 Kuala Lumpur.",3.18227,101.69763,Bandar Baru Sentul,"['Laundry (Dobi) Empire', 'Klinik Kita', 'Klinik Semarak Bdr Baru Sentul']"
99speedmart,convenience_store,99SpeedMart @Jalan Bangsar,"No: 80 (GF),Jalan Bangsar,59000 Kuala Lumpur.",3.12301,101.67593,Jalan Bangsar,"['Restoran Leeyas Corner', 'Klinik Segara']"
99speedmart,convenience_store,99SpeedMart @Alam Damai 2,"No: 2A (GF),Jalan Damai Raya 2,Alam Damai,56000 Cheras,Kuala Lumpur.",3.06133,101.74398,Alam Damai 2,"['Sek Rendah Integrasi Islam Tahfiz As-Syakirin', 'De Kafe As Syakirin']"
99speedmart,convenience_store,99SpeedMart @Sri Damansara 2,"No: 1 (GF),Jalan Margosa 10/4B,Bandar Sri Damansara,52200 Kuala Lumpur.",3.19302,101.61095,Sri Damansara 2,"['Topcare Car Service', 'Mikio Hair Cut']"
99speedmart,convenience_store,99SpeedMart @Taman Intan Baiduri,"No: 28 & 30 (GF),Jalan 1/1B,Taman Intan Baiduri,Kepong,52100 Kuala Lumpur.",3.23316,101.64816,Taman Intan Baiduri,"['Kay Cool X Ent.', '嘉鄉味海鮮飯店', 'Klinik Tan See Kin Sdn Bhd']"
99speedmart,convenience_store,99SpeedMart @Taman Len Sen,"No: 78 & 80 (GF),Jalan 1,Taman Len Sen,Cheras,56000 Kuala Lumpur.",3.07428,101.74487,Taman Len Sen,"['Canadian Pizza', 'Eighty House Claypot', 'Bubblelab Laundry Arcade']"
99speedmart,convenience_store,99SpeedMart @Taman Desa Jaya,"No: 2-1 & 3-1 (GF),Desa Jaya Commercial Centre,Jalan 16,Taman Desa Jaya,52100 Kuala Lumpur.",3.21724,101.62874,Taman Desa Jaya,"['Car Wash @ Pasar Desa Jaya', 'BHP Gas ／Soon Lee Gas', 'Desa Jaya']"
99speedmart,convenience_store,99SpeedMart @Alam Sutera,"No: 17 & 19 (GF),Jalan Alam Sutera 10,Alam Sutera,Bukit Jalil,57000 Kuala Lumpur.",3.05233,101.66483,Alam Sutera,"['Dobi Queen', 'Restoran Gani Maju']"
99speedmart,convenience_store,99SpeedMart @Kuchai Lama,"No: 22A (GF),Dinasti Sentral,Jalan Kuchai Maju 19,Off Jalan Kuchai Lama,58200 Kuala Lumpur.",3.09116,101.69048,Kuchai Lama,"['Sandscity金莎', ""Madam Chong's Prawn Noodles House"", 'Esposa Fashion Boutique']"
99speedmart,convenience_store,99SpeedMart @Taman Koperasi Polis,"No: 5 & 7 (GF),Koperasi Business Centre,Jalan 56/10,Taman Koperasi Polis Fasa 2,68100 Batu Caves,Kuala Lumpur.",3.22053,101.69092,Taman Koperasi Polis,"['Nasi Ayam Penyet KP', 'Kedai Moi Sup', 'Suffian Geomatic Services']"
99speedmart,convenience_store,99SpeedMart @Jalan Tiong Nam,"No: 2-1 (GF & Mezzanine Floor),Jalan Tiong Nam,50350 Kuala Lumpur.",3.16229,101.69474,Jalan Tiong Nam,"['Faculty Of Hospitality & Tourism Management', 'Jabatan Perangkaan Malaysia (Tingkat 15)']"
99speedmart,convenience_store,99SpeedMart @Taman Naga Emas,"No: 47 (GF & Back Portion Of 1st Floor),Jalan 4/140,Taman Naga Emas,57100 Kuala Lumpur.",3.07842,101.69805,Taman Naga Emas,"['金龙园 Mamak Stall', '金龙园添喜茶餐室', '招牌板面@金龙园']"
99speedmart,convenience_store,99SpeedMart @Taman Desa Petaling,"No: 11 (GF),Jalan 2/125G,Desa Sri Putri,Off Desa Petaling,57100 Kuala Lumpur.",3.08501,101.71180,Taman Desa Petaling,"['Padang SMK Desa Petaling', '公主美食 (Restoran Kung Joo)']"
99speedmart,convenience_store,99SpeedMart @Metro Prima,"No: 48 (Ground Floor),Vista Magna (BLOCK D),Jalan Prima 1,OFF Jalan Kepong,  52100 Kuala Lumpur.",3.21270,101.64326,Metro Prima,"['Medan Selera Metro Prima', 'Pangsapuri Casa Magna', 'Allianz Kepong']"
99speedmart,convenience_store,99SpeedMart @Jalan Kaskas,"No: 10 (GF),Jalan Kaskas 3,Taman Cheras,56100 Kuala Lumpur.",3.09970,101.74179,Jalan Kaskas,"['Restoren Wan Dou Six', 'Awet Thai Cafe']"
99speedmart,convenience_store,99SpeedMart @Fortune Avenue,"D-G-18,Fortune Avenue,Block D,Jalan Metro Perdana 3,Taman Usahawan, Kepong,Off Jalan Kepong,52100 Kuala Lumpur.",3.21606,101.64364,Fortune Avenue,"['味道江湖', '中国梦超市']"
99speedmart,convenience_store,99SpeedMart @Pandan Indah 2,"No: 31 & 33,Jalan Pandan Indah 1/23E,Pandan Indah,55100 Kuala Lumpur.",3.13066,101.75157,Pandan Indah 2,"['Restoran MK Corner', 'Autokey Solutions Sdn Bhd']"
99speedmart,convenience_store,99SpeedMart @Bukit Jalil 2,"No: 22 (GF),Jalan 17/155C,Bandar Bukit Jalil,57000 Kuala Lumpur.",3.06072,101.66807,Bukit Jalil 2,"['EBI Resources Sdn Bhd', 'Firm Care Management Services Sdn Bhd', 'Blade Barbershop']"
99speedmart,convenience_store,99SpeedMart @Midfields Square East,"B2-2-G,Dataran Niaga Sungai Besi,Midfields Square East,Jalan 11/108C,Off Lebuh Raya Sungai Besi,57100 Kuala Lumpur.",3.09542,101.70046,Midfields Square East,"['Now Theatre', 'Rizman Ruzaini', 'Print Lab']"
99speedmart,convenience_store,99SpeedMart @Pasar Borong Selayang,"No: 17 & 19 (GF),Jalan 2/3A,Bandar Utama,KM 12 Off Jalan Ipoh,68100 Batu Caves,Kuala Lumpur.",3.23410,101.67117,Pasar Borong Selayang,"['Tetronic Enterprise Sdn. Bhd.', 'Solid Cool Marketing Sdn Bhd', 'Gold Marry Sdn Bhd']"
99speedmart,convenience_store,99SpeedMart @Taman Bunga Cempaka,"No: 43 & 45 (GF),Jalan Bunga Cempaka 6A,Taman Muda,56100 Kuala Lumpur.",3.11769,101.75394,Taman Bunga Cempaka,"['Alim Mamak', 'Burger Stall @ Riviera', 'Mail Nasi Ayam Special']"
99speedmart,convenience_store,99SpeedMart @KL Happy Garden 2,"No: 519 (GF),Jalan Riang 12,Taman Gembira,58200 Kuala Lumpur.",3.08422,101.68078,KL Happy Garden 2,"['林生炭烧瓦煲鸡饭茶餐室', 'Lim Sheng Claypot Chicken Rice Kopitiam', 'Nalanda Education & Outreach (NEO)']"
99speedmart,convenience_store,99SpeedMart @Gombak Utara,"Lot 1428,No: 37 & 38 (GF),Jalan Gombak,Batu 8,53100 Kuala Lumpur.",3.24542,101.72195,Gombak Utara,"['Restoran Yasin Yusoff', 'Car & Bike Wash']"
99speedmart,convenience_store,99SpeedMart @Bandar Tasik Selatan,"No: 20 (GF),Jalan 30B/146,Desa Tasik,57000 Kuala Lumpur.",3.07168,101.71653,Bandar Tasik Selatan,"['Car Wash Continental', 'Rasu Laundry']"
99speedmart,convenience_store,99SpeedMart @Tulin 28,"No: B-0-8 & B-0-9,Jalan Riang Ria 8,Tulin 8,Taman Gembira,58200 Kuala Lumpur.",3.08216,101.68889,Tulin 28,"['Restaurant Xin Mui Yuen', 'Tulin 28 Business Centre']"
99speedmart,convenience_store,99SpeedMart @Setia Balakong,"34(Ground Floor), Jalan Setia Balakong 1/1,   Taman Setia Balakong, 57000 Kuala Lumpur.",3.01458,101.75233,Setia Balakong,"['KEDAI COSMETIC BALAKONG', 'NJ Top Laundry Service', '7eleven Tmn Setia Balakong']"
99speedmart,convenience_store,99SpeedMart @Taman Perwira Gombak,"No.9, Jalan Intan, Taman Perwira, Gombak, 53100, Kuala Lumpur.",3.22347,101.71530,Taman Perwira Gombak,"['Nasi Lemak Ketapang', 'Warung Minang Gombak']"
99speedmart,convenience_store,99SpeedMart @Sri Utara,"No. 43 (GF & Mezz Floor), Jalan Seri Utara 1, Sri Utara, Off Jalan Ipoh, 68100 Kuala Lumpur.",3.22546,101.67070,Sri Utara,"['Sri Utara Business Park', 'Marque Drive', 'SGM R1 Kaikan']"
99speedmart,convenience_store,99SpeedMart @Plaza Setapak,"A-G-8 & A-G-9, Plaza Prima Setapak, Jalan Prima Setapak 5, Taman Teratai Mewah, 53000 Kuala Lumpur",3.19852,101.71360,Plaza Setapak,"['Restoran Bintang Tujuh', 'Restoran Bintang 7', 'O2 Hair Studio']"
99speedmart,convenience_store,99SpeedMart @Residency 222,"No: G-3 & G-3A, Pangsapuri Residensi 222, Jalan Semarak Off Jalan Gombak, Setapak,53000 Kuala Lumpur.",3.19627,101.70761,Residency 222,"['Mows Hair Saloon', 'Eng Come Auto Parts']"
99speedmart,convenience_store,99SpeedMart @Taman Danau Desa,"No: 1(G), Jalan 5/109, Plaza Danau 2, Tmn Danau Desa, 58100 Kuala Lumpur",3.09965,101.68692,Taman Danau Desa,"['Watsons', '可口食艺']"
99speedmart,convenience_store,99SpeedMart @Jalan Sampadi,"SH 20 & SH 21 (Ground Floor), Jalan Sampadi Dua, Tmn Setapak, 53000 Kuala Lumpur",3.20527,101.70965,Jalan Sampadi,"['Pasar Mini Aik Sing', 'Tadika Sinar Bestari']"
99speedmart,convenience_store,99SpeedMart @Taman Bukit Angsana,"No: 40 (Ground Floor), Jalan Bukit Angsana 2, Tmn Bukit Angsana, 56000 Kuala Lumpur",,,Taman Bukit Angsana,
99speedmart,convenience_store,99SpeedMart @Sri Petaling 2,"No: 3, Jalan Pasai 6, Bandar Baru Sri Petaling, 57000 Kuala Lumpur",,,Sri Petaling 2,
99speedmart,convenience_store,99SpeedMart @Sri Damansara 3,"No: 8 & 9 (Ground Floor), Jalan Cempaka SD 12/1, Bandar Sri Damansara, 52200 Petaling Jaya, Kuala Lumpur",,,Sri Damansara 3,
99speedmart,convenience_store,99SpeedMart @Taman Pusat Kepong,"No: 42 (Ground Floor), Jalan 10/40, Taman Pusat Kepong, 52000 Kuala Lumpur",3.19982,101.65692,Taman Pusat Kepong,"['Kedai Makanan & Minuman Hong Yen', 'Restoran Sri Sadayaandi', 'Abundant Grace Assembly']"
99speedmart,convenience_store,99SpeedMart @Taman Bukit Pandan,"No: 28 (Ground Floor), Jalan BP 1, Tmn Bkt Pandan, 56100 Kuala Lumpur",,,Taman Bukit Pandan,
99speedmart,convenience_store,99SpeedMart @Jalan Sentul Pasar,"Lot 2002 & Lot 2004 (Ground Floor), Bangunan Dato' Haji Suhaimi, Jalan Sentul Pasar, 51000 Kuala Lumpur",,,Jalan Sentul Pasar,
99speedmart,convenience_store,99SpeedMart @Wangsa Setia,"No: 44 & 46 (Ground Floor), Jalan Wangsa Setia 4, Wangsa Melawati, 53300 Kuala Lumpur",,,Wangsa Setia,
99speedmart,convenience_store,99SpeedMart @Pandan Perdana 2,"No: 27 & 29, Jalan Perdana 4/6, Pandan Perdana, 55300 Kuala Lumpur",,,Pandan Perdana 2,
99speedmart,convenience_store,99SpeedMart @Pandan Jaya 2,"No: 4 (Ground Floor), Jaaln Pandan 8/8, Pandan Jaya, Cheras, 55100 Kuala Lumpur",,,Pandan Jaya 2,
99speedmart,convenience_store,99SpeedMart @Taman Sri Bintang,"No: 25, Jalan 3/36, Bukit Sri Bintang, 52100 Kepong, Kuala Lumpur",,,Taman Sri Bintang,
99speedmart,convenience_store,99SpeedMart @Taman Tun 2,"No: 24 (Ground Floor), Jalan Tun Mohd Fuad 2, Taman Tun Dr Ismail, 60000 Kuala Lumpur",3.14030,101.62831,Taman Tun 2,"['Prema Nathan Dental Surgery', 'Pickle & Fig', 'Wine Kaki TTDI']"
99speedmart,convenience_store,99SpeedMart @Taman Miharja,"No: 45 & 47 (Ground Floor), Jalan 3/93, Off Jalan Lombong, Tmn Miharja, 55200 Kuala Lumpur",,,Taman Miharja,
99speedmart,convenience_store,99SpeedMart @Damai Perdana 2,"No: 1 (Ground Floor), Jalan Damai Perdana 6/1B, Bandar Damai Perdana, Cheras 56100 Kuala Lumpur",,,Damai Perdana 2,
99speedmart,convenience_store,99SpeedMart @Kampung Batu,"No: 80 & 81 (Ground Floor), Jalan Ipoh, Batu Lima, Kampung Batu, 51200 Kuala Lumpur",,,Kampung Batu,
99speedmart,convenience_store,99SpeedMart @Jalan Angsoka,"No: 7 & 9 (Ground Floor), Jalan Angsoka Off Jalan Nagasari, 50200 Kuala Lumpur",,,Jalan Angsoka,
99speedmart,convenience_store,99SpeedMart @Taman Puncak Desa,"A-G-09 (Ground Floor), Jalan Puncak Desa 1, Tmn Puncak Desa, 52100 Kuala Lumpur",,,Taman Puncak Desa,
99speedmart,convenience_store,99SpeedMart @Sri Petaling 3,"No: 116 (Ground Floor), Jalan Radin Anum Satu, Bandar Baru Sri Petaling, 57000 Kuala Lumpur",,,Sri Petaling 3,
99speedmart,convenience_store,99SpeedMart @Taman Bukit Maluri,"No: 39 & 41 (Ground Floor), Jalan Burung Jentayu, Taman Bukit Maluri, 52100 Kuala Lumpur",,,Taman Bukit Maluri,
99speedmart,convenience_store,99SpeedMart @Desa Tun Razak,"No: 48 & 50 (Ground Floor), Jalan 10/118 B, Desa Tun Razak, 56000 Cheras, Kuala Lumpur",,,Desa Tun Razak,
99speedmart,convenience_store,99SpeedMart @Taman OUG Parklane,"Blok D1-0-1 (Ground Floor), Jalan 1/152, Tmn OUG Parklane, 58200 Kuala Lumpur",,,Taman OUG Parklane,
99speedmart,convenience_store,99SpeedMart @Taman Bandaraya,"No: 14- 16 (Ground Floor), Jalan Lazat 2, Taman Bandaraya, 58200 Kuala Lumpur",,,Taman Bandaraya,
99speedmart,convenience_store,99SpeedMart @Pandan Perdana 3,"No: 20  & 22 (Ground Floor), Jalan Perdana 2/3A, Pandan Perdana, 55300 Kuala Lumpur",,,Pandan Perdana 3,
99speedmart,convenience_store,99SpeedMart @Jalan Genting Klang,"No 68 & 70 (Ground Floor), Jalan 2/23A, Off Jalan Genting Klang, Taman Danau Kota, Setapak, 53300 Kuala Lumpur",,,Jalan Genting Klang,
99speedmart,convenience_store,99SpeedMart @Jalan Imbi,"126 & 128 (Ground Floor), Jalan Imbi, 55100 Kuala Lumpur",,,Jalan Imbi,
99speedmart,convenience_store,99SpeedMart @Taman Gombak Jaya,"No: 6 & 7 (Ground Floor), Jalan GJ 2, Batu 6, Tmn Gombak Jaya, 53100 Gombak, Kuala Lumpur",,,Taman Gombak Jaya,
99speedmart,convenience_store,99SpeedMart @Taman Beringin,"No: 132 & 134 (Ground Floor), Jalan Miri, Tmn Beringin, Off Jalan Ipoh, 52000 Kuala Lumpur",,,Taman Beringin,
99speedmart,convenience_store,99SpeedMart @Jalan Benteng Utara,"No: 3552 & 3553 (Ground Floor), Jalan Benteng Utara, Jinjang Utara, 52000 Kuala Lumpur",,,Jalan Benteng Utara,
99speedmart,convenience_store,99SpeedMart @Jalan Tiong,"No: 513 (Ground Floor), Jalan Tiong Off Jalan Ipoh, 51100 Kuala Lumpur.",,,Jalan Tiong,
99speedmart,convenience_store,99SpeedMart @Taman Connaught,"No: 143 & 145 (Ground Floor), Jalan Sarjana, Taman Connaught, 56000 Cheras, Kuala Lumpur.",,,Taman Connaught,
99speedmart,convenience_store,99SpeedMart @Jalan Langkawi,"No: 61& 63 (Ground Floor),Jalan Langkawi, Taman Setapak,53100 Kuala Lumpur.",,,Jalan Langkawi,
99speedmart,convenience_store,99SpeedMart @Taman Bukit Anggerik,"No 45 & 47 (Ground Floor), Jalan 33/154, Taman Bukit Anggerik, 56000 Cheras, Kuala Lumpur.",3.05834,101.74931,Taman Bukit Anggerik,"[""D'Club@The Peak"", 'Seng Kee Spicy Pan Mee', 'Yuen Yuen Restoran']"
99speedmart,convenience_store,99SpeedMart @Jalan Telawi,"No: 18 (Ground Floor ), Jalan Telawi, Bangsar Baru, 59100 Kuala Lumpur.",3.132237,101.670461,Jalan Telawi,"['Gentle Dental @ Bangsar', 'Lafuma Outdoor Shop', 'Federal Academy of Ballet (Bangsar)']"
99speedmart,convenience_store,99SpeedMart @Kuchai Lama 2,"No 62 (Ground Floor), Jalan 2/116B, Kuchai Entrepreneurs Park, 58200 Kuala Lumpur.",3.08834,101.69215,Kuchai Lama 2,"['Kedai Ubat & Pasar Mini Wing Foong', 'Kuchai Motor', 'Klinik Kucai']"
99speedmart,convenience_store,99SpeedMart @Sri Jati,"No 6 & 8 (Ground Floor), Jalan Sri Jati 1, Off Jalan Puchong, Taman Sri Jati, 58200 Kuala Lumpur.",3.07698,101.66333,Sri Jati,"['Kingdom Transformation Sanctuary', 'Animasia Studio']"
99speedmart,convenience_store,99SpeedMart @Taman Tun 3,"No: 12 (Ground Floor), Lorong Datuk Sulaiman 1, Taman Tun Dr Ismail, 60000 Kuala Lumpur.",3.14922,101.62987,Taman Tun 3,"['Matahari Laundrette', 'Ananda Barbers', 'SDI Media']"
99speedmart,convenience_store,99SpeedMart @Sungai Besi 3,"No 9 (Ground Floor), Jalan Sungai Besi, 57100 Kuala Lumpur.",3.1315134,101.7122345,Sungai Besi 3,"['Minji Restaurant 铭记肉骨茶', '铭记肉骨茶', 'Hingan Auto Parts Sdn Bhd']"
99speedmart,convenience_store,99SpeedMart @Kampung Pandan,"No 37 (Ground Floor), Jalan Kampung Pandan, Taman Maluri, 55100     Kuala Lumpur",3.14341,101.72847,Kampung Pandan,"['Om Pecal Lele', 'Pandan Car Care']"
99speedmart,convenience_store,99SpeedMart @Pudu,"No: 37 & 39 (Ground Floor), Jalan Kancil, Off Jalan Pudu, 55100 Kuala Lumpur.",3.1358879,101.7132115,Pudu,"['Kedai Ban Heng', 'Hair Attitude Studio @ Ruby Complex']"
99speedmart,convenience_store,99SpeedMart @Taman Sri Sinar 2,"No: 1(Ground Floor), Jalan 20/38A, Taman Sri Sinar, 51200 Kuala Lumpur.",3.186031,101.651258,Taman Sri Sinar 2,"['Ty Car Beauty Centre', '龍鳯楼']"
99speedmart,convenience_store,99SpeedMart @Taman Jaya,"No: 4 & 6 (Ground Floor), Lorong Jaya 14, Taman Jaya, Bandar Tun Razak, 56000 Kuala Lumpur.",3.093921,101.724562,Taman Jaya,"['Paediatric Department PPUKM', 'KB Restoran']"
99speedmart,convenience_store,99SpeedMart @Taman Usaha Jaya,"No: 145 & 146 (Ground Floor), Jalan 19, Taman Usaha Jaya, 52100 Kuala Lumpur.",3.214186,101.618243,Taman Usaha Jaya,"['Restoran Saji Bistari', '@鸿记靓粥@kepong', '有利海鲜饭店']"
99speedmart,convenience_store,99SpeedMart @Pantai Dalam,"No: 9 & 11 (Ground Floor), Jalan Pantai Murni 2, Pantai Dalam, 59200 Kuala Lumpur",3.104167,101.664768,Pantai Dalam,"['Balaji Mini Market', 'Restoran Al Mashur']"
99speedmart,convenience_store,99SpeedMart @Taman Setiawangsa,"No: 8-1 (Ground Floor), Jalan Setiawangsa 1, Taman Setiawangsa, 54200 Kuala Lumpur.",3.179684,101.741979,Taman Setiawangsa,"['Pusat Rawatan Islam Al-Hidayah', 'Klinik Kesihatan Dato Keramat (Setiawangsa)']"
99speedmart,convenience_store,99SpeedMart @Taman Mulia,"No: 7 & 9 (Ground Floor), Jalan Budiman 24, Taman Mulia , 56000 Kuala Lumpur.",3.09125,101.71380,Taman Mulia,"['Lefthandart Barbershop', 'Farmasi Srimulia']"
99speedmart,convenience_store,99SpeedMart @Sri Intan,"No: A-1-2 (Ground Floor), Kondominium Sri Intan 1, Lengkok Selingsing, Off Jalan Ipoh, 51200 Kuala Lumpur.",3.196347,101.674124,Sri Intan,"['Liz Nail & Hair Studio', '夜猫子', ""Ireland's Potato (M) Sdn Bhd""]"
99speedmart,convenience_store,99SpeedMart @Maxim Citylights Sentul,"No: S-G-03 (Ground Floor), Maxim Citylights Sentul, No: 25, Jalan Sentul Perdana, Setapak, 51000 Kuala Lumpur.",3.20773,101.68958,Maxim Citylights Sentul,"['7-Eleven', 'Bubblebee', 'HMS Hardware Shop']"
99speedmart,convenience_store,99SpeedMart @Taman Seri Cendekia,"No: 11 & 15 (Ground Floor), Jalan Cerdas 1, Taman Seri Cendekia, 56000 Kuala Lumpur.",3.08119,101.73944,Taman Seri Cendekia,"['Mix Rice 杂饭档', 'Beans and Yogurt', '黄有福越南餐茶餐室 Hometown Vietnam Kitchen']"
99speedmart,convenience_store,99SpeedMart @Bangsar Utama,"No: 4 (Ground Floor), Jalan Bangsar Utama 9, Bangsar Utama, 59000 Kuala Lumpur.",,,Bangsar Utama,
99speedmart,convenience_store,99SpeedMart @Sentul Raya Boulevard,"No: 8 & 10 (Ground Floor), Jalan 13/48A, Sentul Raya Boulevard, 51000 Kuala Lumpur.",3.18412,101.69284,Sentul Raya Boulevard,"['KK Super Mart', '佛光山冼都禅净中心', 'Sinar Mentari Technology Sdn Bhd']"
99speedmart,convenience_store,99SpeedMart @Jalan Mega Mendung,"No : 65 & 67 (Ground Floor), Jalan Mega Mendung, Kompleks Bandar, Jalan Klang Lama, 58200 Kuala Lumpur.",3.08242,101.67266,Jalan Mega Mendung,"['QS Salon', 'BP Diagnostic Centre', 'Orange Internet Shop']"
99speedmart,convenience_store,99SpeedMart @Taman Midah,"No: 332 & 334 (Ground Floor), Jalan Midah Besar, Taman Midah, 56000, Kuala Lumpur.",3.08979,101.72581,Taman Midah,"['ECO Coin Laundromat', ""Domino's Pizza Taman Midah""]"
99speedmart,convenience_store,99SpeedMart @Segambut Garden,"No :24 & 26 (Ground Floor), Jalan Segambut Utara, Segambut Garden, 51200 Kuala Lumpur.",3.18432,101.67626,Segambut Garden,"['Segambut Basketball Court', 'Saddam Mamak Curry House']"
99speedmart,convenience_store,99SpeedMart @Laman Rimbunan,"No: 106 & 108 (Ground Floor), Jalan Rimbunan Raya, Laman Rimbunan, 52100 Kuala Lumpur.",3.21240,101.64877,Laman Rimbunan,"['Leaf & Bean', 'Coiffirst Saloon']"
99speedmart,convenience_store,99SpeedMart @Residensi UTM KL,"Lot no: 1-26, 1-27 & 1-28 (Ground Floor), Residensi UTM KL, No: 8, Jalan Maktab, 54000 Kuala Lumpur.",3.17151,101.72182,Residensi UTM KL,"['Burger King', 'Infinity Printing & Stationery Resindensi UTMKL']"
99speedmart,convenience_store,99SpeedMart @Kuchai Entrepreneurs Park,"No: 36 & 38 (Ground Floor), Jalan 10/116B, Kuchai Entrepreneurs Park, Off Jalan Kuchai Lama, 58200 Kuala Lumpur.",3.08904,101.68887,Kuchai Entrepreneurs Park,"['Pejabat Cawangan Seputeh Dewan Bandaraya Kuala Lumpur', 'Sansab Cafe', '野人涮烤 Savage Tribe Steamboat & BBQ']"
99speedmart,convenience_store,99SpeedMart @KL Taman Seri Sentosa,"No: 41 (Ground Floor), Jalan 11A/133, Taman Seri Sentosa, 58200 Kuala Lumpur.",3.07292,101.65168,KL Taman Seri Sentosa,"['Simpang 3 Tomyam', 'Times 89 Business Plaza']"
99speedmart,convenience_store,99SpeedMart @Brickfields 2,"No: 149 & 151 (Ground Floor), Jalan Sultan Abdul Samad, Brickfields, 50470 Kuala Lumpur.",3.13284,101.69037,Brickfields 2,"['Carelink Pharmacy', '广安中医骨伤科推拿及针灸医疗所', 'Moghul Mahal Restaurant']"
99speedmart,convenience_store,99SpeedMart @Jalan Ipoh,"No : 302 & 304 (Ground Floor), Jalan Ipoh, Batu 2 1/4, 51200 Kuala Lumpur.",3.17519,101.68927,Jalan Ipoh,"['Premium Bath & Kitchen Sdn Bhd', 'Dewan SK Sentul Utama']"
99speedmart,convenience_store,99SpeedMart @Taman Melati,"SH 3/5 & SH 3/6 (Ground Floor), Jalan Taman Melati 11, Taman Melati, 53100 Kuala Lumpur.",3.22557,101.72314,Taman Melati,"['A.cut Hair Studio', 'Zira Saloon & Academy', 'Klinik Keluarga Taman Melati']"
99speedmart,convenience_store,99SpeedMart @Seasons Garden Residensi,"No: G36 & G37 (Ground Floor), Seasons Garden Residensi, No: 7, Jalan 1/27E, Seksyen 10, Wangsa Maju, 53300 Kuala Lumpur.",3.18761,101.73498,Seasons Garden Residensi,"['Restoran Thaqwa', '悦·食·ジ Yueshi Food', 'Corner Pak Karim']"
99speedmart,convenience_store,99SpeedMart @Wangsa Maju Sek 1,"No: 33 & 35 (Ground Floor), Jalan 2A/27A, Seksyen 1, Wangsa Maju, 53300 Kuala Lumpur.",3.20244,101.73100,Wangsa Maju Sek 1,"['Len Seng Tyre & Auto Sdn Bhd', 'Centrix Hair Salon']"
99speedmart,convenience_store,99SpeedMart @Taman Setapak Indah Jaya,"No:  6 & 8 (Ground Floor), Jalan 2/50C, Taman Setapak Indah Jaya, 53300 Setapak, Kuala Lumpur.",3.19533,101.71168,Taman Setapak Indah Jaya,"['国记中医联合诊所', 'Different Thai', 'Klinik Mediviron']"
99speedmart,convenience_store,99SpeedMart @Pandan Jaya 3,"No: 15 & 17 (Ground Floor), Jalan Pandan 3/6, Pandan Jaya, 55100 Kuala Lumpur.",3.13520,101.74239,Pandan Jaya 3,"['Super Star Car Accessories', 'Warung Tok Pa', 'Warung Gadget']"
99speedmart,convenience_store,99SpeedMart @Taman Yarl,"No: 62 & 64 (Ground Floor), Jalan Awan Jawa, Taman Yarl, 58200 Kuala Lumpur.",3.07324,101.66693,Taman Yarl,"['SSPN Taman Yarl', ""Nathan's Corner"", 'GreenBox Laundry & Drycleaning']"
99speedmart,convenience_store,99SpeedMart @Kepong Baru 3,"No: 2C & 2D (Ground Floor), Jalan Lang Kuning, Kepong Baru, 52100 Kuala Lumpur.",3.19258,101.64491,Kepong Baru 3,"['Buluh Perindu (Mobil) Burger & Steak', 'Exxonmobil']"
99speedmart,convenience_store,99SpeedMart @Kampung Cheras Baru,"No: 14 & 16 (Ground floor), Jalan 18, Kampung Cheras Baru, 56100 Kuala Lumpur.",3.10586,101.74553,Kampung Cheras Baru,"['Sekinchan Fish Head 适耕莊特色石斑鱼头', 'YY Cat & Logam Sdn Bhd', 'Kam Kitchen (甘大厨海鲜酒家)']"
99speedmart,convenience_store,99SpeedMart @Bandar Tun Razak,"No: 14 & 16 (Ground floor), Jalan Jujur 2, Bandar Tun Razak, 56000 Kuala Lumpur.",3.08690,101.72157,Bandar Tun Razak,"['Wikivapes', 'Cendol Pulut Tapai Bdr Tun Razak', 'Yakin Corner']"
99speedmart,convenience_store,99SpeedMart @Taman Pertama KL,"No : 57 & 59 (Ground floor), Jalan 2/90, Taman Pertama, 56100 Cheras, Kuala Lumpur.",3.11200,101.72970,Taman Pertama KL,"['Watsons', 'Hai-o', 'Farmasi Sri Suyan']"
99speedmart,convenience_store,99SpeedMart @Jalan Maharajalela,"No: 167 & 169 (Ground Floor), Jalan Maharajalela, 50150 Kuala Lumpur.",3.13627,101.70329,Jalan Maharajalela,"['BANK SIMPANAN NASIONAL (BSN)', 'The Law Offices of L. A. Gomes', 'Alam Sendiri']"
99speedmart,convenience_store,99SpeedMart @KL Traders Square,"No: 18 & 19 (Ground Floor), Plaza KLTS, Kuala Lumpur Traders Square, Block A, Jalan Gombak, 53000 Setapak, Kuala Lumpur.",3.20444,101.70294,KL Traders Square,"['A-One Tyre & Car Service', 'Burger King', '7-Eleven']"
99speedmart,convenience_store,99SpeedMart @Taman Seputeh,"No: 62-2 & 62-3 (Ground Floor), Jalan Bukit Raja, Taman Seputeh, 58000 Kuala Lumpur",3.11998,101.67964,Taman Seputeh,"[""Trex's Table"", 'Orion Design Hotel', 'Federal Auto Kuala Lumpur']"
99speedmart,convenience_store,99SpeedMart @Taman Midah 2,"No: 29 & 31 (Ground Floor), Jalan Midah 3, Taman Midah, 56000 Kuala Lumpur.",3.10316,101.73220,Taman Midah 2,"['Klinik V-Cure Sdn Bhd', 'Pun Chun Noodle House']"
99speedmart,convenience_store,99SpeedMart @Taman Kok Lian,"No  24 & 25 (Ground Floor), Jalan Batu Ambar, Taman Kok Lian, 51200 Kuala Lumpur.",3.20249,101.67266,Taman Kok Lian,"['E-Gazer Avanue Cyber Cafe', '家興十全大保', '猪肉丸粉丝23小时 Jln Ipoh']"
99speedmart,convenience_store,99SpeedMart @Taman Desa,"No: 32A & 33A (Ground Floor), Faber Plaza, Jalan Desa Bakti, Taman Desa, 58100 Kuala Lumpur.",3.10270,101.68450,Taman Desa,"['Tiang Seng Pulau Ketam Steamboat', 'Green Bamboo Organic Shop', 'EQ Stationery']"
99speedmart,convenience_store,99SpeedMart @Taman Ehsan,"No: 518 & 519 (Ground Floor), Jalan E 3/8, Taman Ehsan, 52100 Kuala Lumpur.",3.21960,101.62270,Taman Ehsan,"['Pasar Basah Taman Ehsan', 'Taman Ehsan Morning Market', 'Kedai Makan Lela Sani']"
99speedmart,convenience_store,99SpeedMart @Taman Wahyu,"No: 109 & 111 (Ground Floor), Jalan Sibu, Taman Wahyu Off Jalan Ipoh, 68100 Kuala Lumpur.",3.21131,101.66975,Taman Wahyu,"['联安中医药行Lian Ann Chinese Medicine Health Care', 'Restoran Kari Kepala Ikan E&O', 'Restoran Low Berjaya']"
99speedmart,convenience_store,99SpeedMart @Taman Salak Selatan,"No: 18 & 20 (Ground Floor), Jalan Tuanku 4, Taman Salak Selatan, 57100, Kuala Lumpur.",3.08349,101.69514,Taman Salak Selatan,"['Restoran Lai Lai Desserts', 'New Thrill Hair & Beauty Saloon', 'Salak South Garden 瓦煲鸡饭']"
99speedmart,convenience_store,99SpeedMart @Taman Koperasi Polis 2,"No: 1 & 3 (Ground Floor), Jalan 13/10, Taman Koperasi Polis, 68100 Kuala Lumpur.",3.22057,101.69548,Taman Koperasi Polis 2,"['Maju Al-noor Fathima', 'Restoran Maju Ansoor', 'Kedai Runcit Keah Heng']"
99speedmart,convenience_store,99SpeedMart @KL Chow Kit,"No: 47 & 48 (Ground Floor), Jalan Chow Kit, 50350 Kuala Lumpur.",3.16666,101.69651,KL Chow Kit,"[""Restoran d'chowkit"", 'Hotel Putra Chow Kit', ""Restoran D'Chow Kit""]"
99speedmart,convenience_store,99SpeedMart @Taman Perindustrian KIP,"No: 30 & 31 (Ground Floor), Jalan KIP 1, Taman Perindustrian KIP, Kepong, 52200 Kuala Lumpur.",3.20684,101.60675,Taman Perindustrian KIP,"['Cool World', 'Hong Leong Bank', '麦子香素食馆']"
99speedmart,convenience_store,99SpeedMart @KL Taman Segambut,"No: 18 & 20 (Ground Floor), Jalan 5/38B, Taman Segambut, 51200 Kuala Lumpur.",3.18394,101.66026,KL Taman Segambut,"['Klinik Akashah', 'Gerai Makcik Nasi Lemak', 'Selera Manja']"
99speedmart,convenience_store,99SpeedMart @KL Taman Seri Sentosa 2,"No: 1, 3 & 4 (Ground Floor), Jalan Seri Sentosa 3 & 3A, Taman Seri Sentosa, 58000 Kuala Lumpur.","3°4'50.9""N","101°39'36.3""E",KL Taman Seri Sentosa 2,"['East', 'Estate', 'Writers Guild of America']"
99speedmart,convenience_store,99SpeedMart @Taman Kuchai Jaya,"No: 17 & 18 (Ground Floor), Blok KP 2, Jalan 3/115C, Taman Kuchai Jaya, 58200 Kuala Lumpur.","3°5'24.8""N","101°40'52.2""E",Taman Kuchai Jaya,"['East', 'Estate', 'Writers Guild of America']"
99speedmart,convenience_store,99SpeedMart @Taman Keramat Permai,"No: 2 (Ground Floor), Jalan AU 1A/4C, Taman Keramat Permai, 54200 Kuala Lumpur.","3°10'37.2""N","101°44'9.0""E",Taman Keramat Permai,"['East', 'Estate', 'Writers Guild of America']"
99speedmart,convenience_store,99SpeedMart @Sri Petaling 4,"No :81 (Ground Floor), Jalan Radin Bagus, Bandar Sri Petaling, 57000 Kuala Lumpur.","3°4'15.9""N","101°41'32.6""E",Sri Petaling 4,"['East', 'Estate', 'Writers Guild of America']"
99speedmart,convenience_store,99SpeedMart @Taman Jinjang Baru,"No: 30 & 32 (Ground Floor), Jalan 9/32, Taman Jinjang Baru, 52000 Kuala Lumpur.","3°12'25.7""N","101°39'23.9""E",Taman Jinjang Baru,"['East', 'Estate', 'Writers Guild of America']"
99speedmart,convenience_store,99SpeedMart @KL Taman Kepong Indah,"No: 20 & 22 (Ground Floor), Jalan 3/1A, Taman Kepong Indah, 52100 Kuala Lumpur.","3°13'25.0""N","101°38'12.9""E",KL Taman Kepong Indah,"['East', 'Estate', 'Writers Guild of America']"
99speedmart,convenience_store,99SpeedMart @Taman Rainbow,"No: 20 & 22 (Ground Floor), Jalan 1/47B, Taman Rainbow, Jalan Ipoh, Batu 4 1/4, 51200 Kuala Lumpur.","3°11'35.4""N","101°40'43.3""E",Taman Rainbow,"['East', 'Estate', 'Writers Guild of America']"
99speedmart,convenience_store,99SpeedMart @Bandar Menjalara 2,"No: 55 & 57 (Ground Floor), Jalan 5/62A, Bandar Sri Menjalara, 52200 Kuala Lumpur","3°11'38.2""N","101°37'41.8""E",Bandar Menjalara 2,"['East', 'Estate', 'Writers Guild of America']"
99speedmart,convenience_store,99SpeedMart @Residensi Park Bukit Jalil,"No: 1-33A & 1-35 (Ground Floor), Residensi Park Bukit Jalil, Persiaran Jalil Utama, Bukit Jalil, 57000 Kuala Lumpur.","3°3'8.8""N","101°40'11.4""E",Residensi Park Bukit Jalil,"['East', 'Estate', 'Writers Guild of America']"
99speedmart,convenience_store,99SpeedMart @Endah Promenade,"No: A-G-3 & A-G-3A (Ground Floor), Endah Promenade, Jalan 3/149E, Taman Sri Endah, 57000 Sri Petaling, Kuala Lumpur.","3°3'50.0""N","101°41'42.4""E",Endah Promenade,"['East', 'Estate', 'Writers Guild of America']"
99speedmart,convenience_store,99SpeedMart @Taman Sri Murni,"No: 22 & 24 (Ground Floor), Jalan 1/2D, Taman Sri Murni, 68100 Kuala Lumpur.","3°14'6.9""N","101°39'34.0""E",Taman Sri Murni,"['East', 'Estate', 'Writers Guild of America']"
99speedmart,convenience_store,99SpeedMart @Jalan Pudu,"No: 12 & 14 (Ground Floor), Jalan Pudu, 55100 Kuala Lumpur.","3°8'46.1""N","101°41'54.3""E",Jalan Pudu,"['East', 'Estate', 'Writers Guild of America']"
99speedmart,convenience_store,99SpeedMart @Wangsa Maju 2,"No: B-0-3 & B-0-4 (Ground Floor), Vista Wira 2, Jalan 4/27A, Wangsa Maju Seksyen 2, 53300 Kuala Lumpur.","3°12'37.6""N","101°43'48.3""E",Wangsa Maju 2,"['East', 'Estate', 'Writers Guild of America']"
99speedmart,convenience_store,99SpeedMart @Sky Awani II,"No: 13 & 13A (Ground Floor), Sky Awani II, Jalan 2/12, Kampung Batu Muda, 51100 Kuala Lumpur.",,,Sky Awani II,
99speedmart,convenience_store,99SpeedMart @Jalan Galloway,"No: 26 & 28 (Ground Floor), Jalan Galloway, 50150 Kuala Lumpur.","3°8'33.5""N","101°42'11.1""E",Jalan Galloway,"['East', 'Estate', 'Writers Guild of America']"
99speedmart,convenience_store,99SpeedMart @M3 Mall,"No: G-01 & G-02 (Ground Floor), M3 Shopping Mall, Jalan Madrasah, Taman Melati, 53100 Kuala Lumpur.","3°13'2.1""N","101°42'58.4""E",M3 Mall,"['East', 'Estate', 'Writers Guild of America']"
99speedmart,convenience_store,99SpeedMart @Taman Sri Segambut,"No: 3-7 & 3-8 (Ground Floor), Jalan Udang Siar, Taman Sri Segambut, 52000 Kuala Lumpur.","3°11'50.6""N","101°39'13.0""E",Taman Sri Segambut,"['East', 'Estate', 'Writers Guild of America']"
99speedmart,convenience_store,99SpeedMart @Jalan Peel,"No: 80 & 82 (Ground Floor), Jalan Peel, 55100 Kuala Lumpur.","3°7'52.1""N","101°43'13.4""E",Jalan Peel,"['East', 'Estate', 'Writers Guild of America']"
99speedmart,convenience_store,99SpeedMart @Puncak Sentul,"No: AG-13A (Ground Floor), Puncak Sentul, No 8, Jalan Sentul Perdana, 51000 Kuala Lumpur.","3°12'8.0""N","101°41'14.5""E",Puncak Sentul,"['East', 'Estate', 'Writers Guild of America']"
99speedmart,convenience_store,99SpeedMart @Taman Setapak Jaya,"No: 26 & 28 (Ground Floor), Jalan Rejang 6, Taman Setapak Jaya, 53300 Kuala Lumpur.","3°11'26.0""N","101°43'32.3""E",Taman Setapak Jaya,"['East', 'Estate', 'Writers Guild of America']"
99speedmart,convenience_store,99SpeedMart @Taman Mastiara 2,"No: 2 & 4 (Ground Floor), Blok D4, Jalan 6/18D, Taman Mastiara, 51200 Kuala Lumpur.","3°12'50.1""N","101°40'18.3""E",Taman Mastiara 2,"['East', 'Estate', 'Writers Guild of America']"
99speedmart,convenience_store,99SpeedMart @Jalan Sarikei,"No: 35 & 37 (Ground Floor), Jalan Sarikei, 53000 Kuala Lumpur.","3°10'39.3""N","101°41'49.9""E",Jalan Sarikei,"['East', 'Estate', 'Writers Guild of America']"
99speedmart,convenience_store,99SpeedMart @Jalan Pasar Pudu,"No: 119 & 121 (Ground Floor), Jalan Pasar Pudu, 55100 Kuala Lumpur.","3°8'5.8""N","101°42'53.3""E",Jalan Pasar Pudu,"['East', 'Estate', 'Writers Guild of America']"
99speedmart,convenience_store,99SpeedMart @Jalan Raja Bot,"No: 50 & 52 (Ground Floor), Jalan Raja Bot, 50300 Kuala Lumpur.","3°9'56.5""N","101°41'54.7""E",Jalan Raja Bot,"['East', 'Estate', 'Writers Guild of America']"
99speedmart,convenience_store,99SpeedMart @One Petaling,"No : G-01 (Ground Floor), Pangsapuri 1 Petaling, Jalan 1C/149 Off Sungai Besi, 57100 Kuala Lumpur.","3°4'4.7""N","101°42'11.1""E",One Petaling,"['East', 'Estate', 'Writers Guild of America']"
99speedmart,convenience_store,99SpeedMart @Taman LTAT,"No: G-17 & G-18 (Ground Floor), Kompleks Niaga Taman Ltat, No 2, Jalan Bukit Jalil Indah 4, 57000 Bukit Jalil, Kuala Lumpur.","3°2'47.4""N","101°39'45.7""E",Taman LTAT,"['East', 'Estate', 'Writers Guild of America']"
99speedmart,convenience_store,99SpeedMart @Taman Segambut Aman,"No : 4 & 6 (Ground Floor), Jalan 1/38F, Taman Segambut Aman, 51200 Kuala Lumpur.","3°11'28.2""N","101°39'1.2""E",Taman Segambut Aman,"['East', 'Estate', 'Writers Guild of America']"
99speedmart,convenience_store,99SpeedMart @Pangsapuri 1 Harmonis,"No : A-G-1 & A-G-2 (Ground Floor), Jalan Sentosa 2, Pangsapuri 1 Harmonis, 53100 Kuala Lumpur.","3°14'2.1""N","101°42'48.2""E",Pangsapuri 1 Harmonis,"['East', 'Estate', 'Writers Guild of America']"
99speedmart,convenience_store,99SpeedMart @Pasar Borong Selayang 1,"No : 132 & 134 (Ground Floor), Jalan 2/3A, Pasar Borong, Off Jalan Ipoh, 68100 Kuala Lumpur.","3°14'14.6""N","101°40'2.3""E",Pasar Borong Selayang 1,"['East', 'Estate', 'Writers Guild of America']"
99speedmart,convenience_store,99SpeedMart @Connaugth Avenue,"No: B-LG-3 (Ground Floor), Blok B, Connaught Avenue, Jalan 4/142, Alam Damai, 56000 Kuala Lumpur.","3°4'42.1""N","101°44'22.5""E",Connaugth Avenue,"['East', 'Estate', 'Writers Guild of America']"
99speedmart,convenience_store,99SpeedMart @Taman Shamelin Perkasa,"No: 7 & 9 (Ground Floor), Lorong 6C/91, Taman Shamelin Perkasa, 56100 Kuala Lumpur.","3°7'33.0""N","101°44'6.3""E",Taman Shamelin Perkasa,"['East', 'Estate', 'Writers Guild of America']"
99speedmart,convenience_store,99SpeedMart @Jinjang Selatan 2,"No: 492 & 493 (Ground Floor), Jalan Jambu Gajus, Jinjang Selatan, 52000 Kuala Lumpur.","3°12'23.9""N","101°39'47.1""E",Jinjang Selatan 2,"['East', 'Estate', 'Writers Guild of America']"
99speedmart,convenience_store,99SpeedMart @Residensi Unggul Kepong,"No: G-15 (Ground Floor), Residensi Unggul Kepong, Jalan Vista Mutiara 1, Kepong Baru, 52000 Kuala Lumpur.","3°12'26.3""N","101°38'44.4""E",Residensi Unggul Kepong,"['East', 'Estate', 'Writers Guild of America']"
99speedmart,convenience_store,99SpeedMart @PPA1M Bukit Jalil,"No: G-01 (Ground Floor), PPA1M Bukit Jalil, Lebuhraya Bukit Jalil, Bukit Jalil, 57000 Kuala Lumpur.","3°3'16.5""N","101°41'38.5""E",PPA1M Bukit Jalil,"['East', 'Estate', 'Writers Guild of America']"
99speedmart,convenience_store,99SpeedMart @Taman Melawati 3,"No: 24  (Ground Floor), Jalan E1, Taman Melawati, 53100 Kuala Lumpur.","3°13'18.7""N","101°44'19.0""E",Taman Melawati 3,"['East', 'Estate', 'Writers Guild of America']"
99speedmart,convenience_store,99SpeedMart @Jalan Kovil Hilir,"No: 25 & 27 (Ground Floor), Jalan Kovil Hilir, 51100 Kuala Lumpur.","3°10'39.5""N","101°41'12.6""E",Jalan Kovil Hilir,"['East', 'Estate', 'Writers Guild of America']"
99speedmart,convenience_store,99SpeedMart @Residensi Trofi,"No: G-05 (Ground Floor), Residensi Trofi 1, No 1, Jalan Dua, Sungai Besi, 55200 Kuala Lumpur.","3°7'26.1""N","101°42'28.8""E",Residensi Trofi,"['East', 'Estate', 'Writers Guild of America']"
99speedmart,convenience_store,99SpeedMart @Razak City Residensi,"No: B-G-25 (Ground Floor), Razak City Residensi, Jalan Sungai Besi, 57100 Kuala Lumpur.","3°6'30.0""N","101°42'11.4""E",Razak City Residensi,"['East', 'Estate', 'Writers Guild of America']"
99speedmart,convenience_store,99SpeedMart @Jalan Cheras 2,"No: 17 & 19 (Ground Floor), Jalan Cheras, 56100 Kuala Lumpur.","3°7'13.6""N","101°43'32.3""E",Jalan Cheras 2,"['East', 'Estate', 'Writers Guild of America']"
99speedmart,convenience_store,99SpeedMart @Plaza Mont Kiara,"No: Lot E/0G/09 (Ground Floor), Plaza Mont Kiara, No 2, Jalan Kiara, Mont Kiara, 50480 Kuala Lumpur.","3°9'57.2""N","101°38'54.0""E",Plaza Mont Kiara,"['East', 'Estate', 'Writers Guild of America']"
99speedmart,convenience_store,99SpeedMart @Residensi Perdana,"No: G-3A (Ground Floor), Residensi Perdana, Jalan Metro Perdana Barat, 52100 Kepong, Kuala Lumpur.","3°13'6.2""N","101°38'29.0""E",Residensi Perdana,"['East', 'Estate', 'Writers Guild of America']"
