99speedmart,convenience_store,99SpeedMart @(NS) Tan Sri Manickavasagam,"No: 389 (GF),Jalan Tan Sri Manickavasagam,70200 Seramban,Negeri Sembilan Darul Khusus.",2.73155,101.93169,(NS) Tan Sri Manickavasagam,"['Klinik & Surgery', 'Clinic Phan', 'Daniya Restaurant']"
99speedmart,convenience_store,99SpeedMart @(NS) Taman Semarak,"P.T. 9325 (GF & 1F),Jalan TS 2/1,Taman Semarak 2,78100 Nilai,Negeri Sembilan Darul Khusus.",2.81633,101.81343,(NS) Taman Semarak,"['Klinik Mediviron', 'Kedai Motor Weng']"
99speedmart,convenience_store,99SpeedMart @(NS) Garden Homes,"No: 118 & 119 (GF),Jalan S2 F2,Garden Homes,Seremban 2,70300 Seremban,Negeri Sembilan Darul Khusus.",2.68519,101.90707,(NS) Garden Homes,"['SSW Lighting', 'Bank Rakyat']"
99speedmart,convenience_store,99SpeedMart @(NS) Perdana College Height,"No: 9 & 10 (GF),Jalan PCH 2,Perdana College Height,71700 Mantin,Negeri Sembilan Darul Khusus.",2.84767,101.84122,(NS) Perdana College Height,"['Dobi Mesra', 'Seri Pajam Branch Office']"
99speedmart,convenience_store,99SpeedMart @(NS) Taman Bukit Blossom,"No:1003 LOT 13453 (GF),Bukit Blossom Rasah,70100 Seremban,Negeri Sembilan Darul Khusus.",2.69672,101.94956,(NS) Taman Bukit Blossom,"['Dr Sidhu Clinic', 'Cosway']"
99speedmart,convenience_store,99SpeedMart @(NS) Taman Thivy Jaya,"No: 721 & 722 (GF),Jalan Merak 16,Taman Thivy Jaya,70300 Seremban Jaya,Negeri Sembilan Darul Khusus.",2.68911,101.94251,(NS) Taman Thivy Jaya,"['QQ Tasty Seafood Restaurant', ""Madura's Store"", 'Kek & Roti Imbi']"
99speedmart,convenience_store,99SpeedMart @(NS) Pekan Mantin,"No: 11 & 12 (GF),Jalan Besar,Pekan Mantin,71700 Mantin,Negeri Sembilan Darul Khusus.",2.82363,101.89389,(NS) Pekan Mantin,"['Nasi Lemak Mantin', 'Mantin Popular']"
99speedmart,convenience_store,99SpeedMart @(NS) Taman Teratai,"No: 7 & 8 (GF),Jalan Teratai 1/1,Taman Teratai,70450 Senawang,Seremban,Negeri Sembilan Darul Khusus.",2.70104,101.99555,(NS) Taman Teratai,"['Hankook Tyre Service', 'newplace']"
99speedmart,convenience_store,99SpeedMart @(NS) Taman Tasik Jaya,"No: 2 & 4 (GF),Lorong Bunga Raya 6/1,Senawang Business Centre,Taman Tasik Jaya,70400 Seremban,Negeri Sembilan Darul Khusus.",2.71987,102.00062,(NS) Taman Tasik Jaya,"['Yi Hang Hardware Sdn.Bhd', ""D'noor Cafe"", 'R & K Satay']"
99speedmart,convenience_store,99SpeedMart @(NS) Taman Sri Pulai,"No: 1057 & 1058 (GF),Lorong Sri Pulai 38/2,Taman Sri Pulai 3,70400 Seremban,Negeri Sembilan Darul Khusus.",2.74857,101.94824,(NS) Taman Sri Pulai,"['Sri Pulai Auto Tyre Service', 'Kedai Tayar Sri Pulai', 'Kedai Alat Tulis Win Won Enterprise']"
99speedmart,convenience_store,99SpeedMart @(NS) Desa Jasmin,"PT 7527 (GF),Jalan BBN 4/1A,Desa Jasmin,71800 Nilai,Negeri Sembilan.",2.81113,101.80175,(NS) Desa Jasmin,"['Restoran Nur Najwa', '2278 Restaurant', 'SENG KONG TYRE AUTO SERVICES SDN BHD']"
99speedmart,convenience_store,99SpeedMart @(NS) Taman Ampangan,"No: 1431 & 1432 (GF),Lorong Cengal 10/2,Taman Ampangan,70400 Seremban,  Negeri Sembilan Darul Khusus.",2.72658,101.99944,(NS) Taman Ampangan,"['Roti Canai Tepi Jalan', 'Pusat Tuisyen Deru Warisan']"
99speedmart,convenience_store,99SpeedMart @(NS) Taman Indah Jaya,"No: 8 & 9 (GF),Jalan Seremban,Taman Indah Jaya,71010 Lukut,Port Dickson,Negeri Sembilan Darul Khusus.",2.57352,101.83311,(NS) Taman Indah Jaya,"['SJK(C) Chung Hua Rantau', 'Tomyam Indah Maju']"
99speedmart,convenience_store,99SpeedMart @(NS) Taman Desa Cempaka,"No: 4 (GF),Jalan BBN 6/3A,Taman Desa Cempaka,Bandar Baru Nilai,71800 Nilai,Negeri Sembilan Darul Khusus.",2.80368,101.77167,(NS) Taman Desa Cempaka,"['Nilai', 'Ah Lun Saloon', 'Laundrybar Bandar Baru Nilai']"
99speedmart,convenience_store,99SpeedMart @(NS) Kuala Klawang,"No: 4 & 5 (GF),Jalan Dato Mentari,71600 Kuala Klawang,Negeri Sembilan Darul Khusus.",2.94049,102.07139,(NS) Kuala Klawang,"['TNB Kuala Klawang', 'Klinik Dr. Lian', 'Masjid Kuala Dulang']"
99speedmart,convenience_store,99SpeedMart @(NS) Nilai Impian,"No: 3 & 4 (GF),Jalan Dahlia 6/1,Nilai Impian,71800 Nilai,Negeri Sembilan Darul Khusus.",2.84224,101.79735,(NS) Nilai Impian,"['Aqua Nano', 'Klinik Nilai Impian', '7-11 Nilai Impian']"
99speedmart,convenience_store,99SpeedMart @(NS) Taman Permai,"No: 1422 & 1423 (GF),Jalan Kerapu 2,Taman Permai 3,70200 Seremban,Negeri Sembilan Darul Khusus.",2.70893,101.92531,(NS) Taman Permai,"['JJ Daily Mart', 'Permai Foodcourt', 'Medan Selera Permai']"
99speedmart,convenience_store,99SpeedMart @(NS) Bandar Ekar,"No: 12 & 13 (GF),Jalan Ekar 1/1,Bandar Ekar,71200 Rantau,Negeri Sembilan Darul Khusus.",2.59332,101.95984,(NS) Bandar Ekar,"['Ekar Rantau', 'Masjid Jamek Bandar Ekar', 'SRJK (C) Chung Hua']"
99speedmart,convenience_store,99SpeedMart @(NS) Pekan Sikamat,"No: 2 &3(Ground Floor), Jalan Seri Pandan 1, Taman Seri Pandan, 70400 Sikamat, Negeri Sembilan Darul Khusus.",2.74772,101.97141,(NS) Pekan Sikamat,"['Restoran Al-Zain', 'Eco Green Laundry', 'Sikamat Veterinary Clinic']"
99speedmart,convenience_store,99SpeedMart @(NS) Pekan Titi,"No: 282 & 283(Ground Floor), Taman Mawar Titi, 71650 Titi, Negeri Sembilan Darul Khusus",2.99753,102.06907,(NS) Pekan Titi,"['港城海鲜饭店 Restaurant Kong Sing', '文瑞饭店', '旺角小馆 Restoran Sin Wong Kok']"
99speedmart,convenience_store,99SpeedMart @(NS) Chembong Utama,"No: 11 & 12(Ground Floor), Jalan CU 1, Taman Chembong Utama, 71300 Rembau, Negeri Sembilan Darul Khusus.",2.61274,102.06454,(NS) Chembong Utama,"['Nasi Ayam Dara', 'Kedai Makan Rahayu Sulaiman', 'Ibu Pejabat Polis Daerah Rembau']"
99speedmart,convenience_store,99SpeedMart @(NS) Temiang,"No. 430 & 431(G), Union Commercial Centre, Jalan Temiang, 70200 Seremban, Negeri Sembilan Darul Khusus",2.73547,101.93825,(NS) Temiang,"['Klinik A.K. Chong', 'K F Wong & Lee (黄李大律师楼)', '天香海鲜饭店']"
99speedmart,convenience_store,99SpeedMart @(NS) Medan Kepayang,"No.16 & 17(G), Jalan MPK 1, Medan Perdagangan Kepayang, Taman Bukit Kepayang, Seremban, Negeri Sembilan Darul Khusus.",2.71454,101.91224,(NS) Medan Kepayang,"['Happy Hour One Cafe & Restaurant', 'Restoran Huat Hee 欢喜美食坊']"
99speedmart,convenience_store,99SpeedMart @(NS) Taman Indah Baru Tampin,"No: 1 (Ground Floor), Jalan Delima Indah, Taman Indah,  73000 Tampin, Negeri Sembilan Darul Khusus.","2°28'40.7""N","102°14'7.2""E",(NS) Taman Indah Baru Tampin,"['East', 'Estate', 'Writers Guild of America']"
99speedmart,convenience_store,99SpeedMart @(NS) Taman Woon Tampin,"P.T 964 & 965, Taman Woon, Pekan Tampin Tengah, 78000 Tampin, Negeri Sembilan Darul Khusus.",2.47608,102.21908,(NS) Taman Woon Tampin,"['Happy Happy Cafe 一家乐茶餐室', 'Hotel Tampin', 'Permai Inn Hotel']"
99speedmart,convenience_store,99SpeedMart @(NS) Kuala Pilah,"No. 5 & 6 (Ground Floor), Jalan Angkasa Ria, Taman Bukit Pilah Perdana, Jalan Bukit, 72000 Kuala Pilah, Negeri Sembilan.",2.73901,102.24541,(NS) Kuala Pilah,"['Kuey Teaw Ah Choy', 'Bazaar Ramadhan Pilah Perdana']"
99speedmart,convenience_store,99SpeedMart @(NS) Pusat Perniagaan Bahau,"No:42 & 43 (Ground Floor), Jalan Mawar 1, Pusat Perniagaan Bahau, 72100 Bahau, Negeri Sembilan",,,(NS) Pusat Perniagaan Bahau,
99speedmart,convenience_store,99SpeedMart @(NS) Pusat Perniagaan Kempas,"11 & 12 (Ground Floor), Jalan Kempas 1, Pusat Perniagaan Kempas, 72100 Bahau, Negeri Sembilan",2.80649,102.38646,(NS) Pusat Perniagaan Kempas,"['Pasar Borong Upwell', '联顺餐馆', 'Petron Bahau']"
99speedmart,convenience_store,99SpeedMart @(NS) Bukit Pelanduk,"No: 23 & 24 (Ground Floor), Jalan Bayan Indah 1, Taman Bayan Indah, Bukit Pelanduk, 71960 Port Dickson, Negeri Sembilan",,,(NS) Bukit Pelanduk,
99speedmart,convenience_store,99SpeedMart @(NS) Coral Walk,"No: 6&7 (Ground Floor), Jalan Coral 1, Jalan Pantai, Medan Coral, 71050 Teluk Kemang, Negeri Sembilan",,,(NS) Coral Walk,
99speedmart,convenience_store,99SpeedMart @(NS) Tanah Merah,"PT 1075 & PT 1976 (Ground Floor), Jalan Melur 1, Taman Jimah Jaya, Tanah Merah Site C, 71960 Port Dickson,Negeri Sembilan",,,(NS) Tanah Merah,
99speedmart,convenience_store,99SpeedMart @(NS) Lavender Heights,"No: 145 & 146 (Ground Floor), Jalan Lavender Heights 3, Lavender Heights Business Square, 70400 Senawang, Negeri Sembilan",2.712535,102.001619,(NS) Lavender Heights,"['Port Cekodok Cafe & Catering', 'Restoran Ahlam Maju', 'The Town Cafe']"
99speedmart,convenience_store,99SpeedMart @(NS) Senawang Cempaka,"No: 26 A-G, Jalan Cempaka 2, Jalan Senawang, 70450 Seremban, Negeri Sembilan",,,(NS) Senawang Cempaka,
99speedmart,convenience_store,99SpeedMart @(NS) Bandar Baru Nilai,"No: 291 (Ground Floor), Jalan Melati 9, Desa Melati, Bandar Baru Nilai, 71800 Nilai, Negeri Sembilan",,,(NS) Bandar Baru Nilai,
99speedmart,convenience_store,99SpeedMart @(NS) Taman Jasper Jaya,"No: 2 & 3 (Ground Floor), Jalan Jasper Jaya 1, Taman Jasper Jaya, Off Jalan Labu, 70200 Seremban, Negeri Sembilan",,,(NS) Taman Jasper Jaya,
99speedmart,convenience_store,99SpeedMart @(NS) Taman Kristal,"No: 2 & 3 (Ground Floor), Jalan Kristal 1, Taman Kristal 72200 Batu Kikir, Negeri Sembilan",2.835375,102.324425,(NS) Taman Kristal,"['Yayasan Anak-Anak Yatim Jempol Bakti', 'Restoran Sudu N Garfu', 'Alia Tomyam']"
99speedmart,convenience_store,99SpeedMart @(NS) Gedung Lalang,"No 6143/10,11,12, Jalan Kuala Pilah, Bt 2 1/2, Gedung 70400 Ampangan, Negeri Sembilan.",,,(NS) Gedung Lalang,
99speedmart,convenience_store,99SpeedMart @(NS) Rasah Jaya 1,"No: 665 & 666 (Ground Floor), Jalan RJ 1/15, Taman Rasah Jaya, 70300 Seremban, Negeri Sembilan",,,(NS) Rasah Jaya 1,
99speedmart,convenience_store,99SpeedMart @(NS) Coral Height,"No: 199 (Ground Floor), Persiaran Bukit Coral 1, Bukit Coral, 70400 Seremban, Negeri Sembilan",,,(NS) Coral Height,
99speedmart,convenience_store,99SpeedMart @(NS) Garden Avenue,"No: 6 & 7 (Ground Floor), Jalan S2 G2, Garden Avenue, Seremban 2, 70300 Seremban, Negeri Sembilan",,,(NS) Garden Avenue,
99speedmart,convenience_store,99SpeedMart @(NS) Taman Angsamas Mambau,"No: 11&12 (Ground Floor), Lorong Gunung Datok 2/1, Tmn Angsamas Mambau, 70300 Seremban, Negeri Sembilan",,,(NS) Taman Angsamas Mambau,
99speedmart,convenience_store,99SpeedMart @(NS) Gemencheh,"PT 2934 & 2935 (Ground Floor), Taman Pekan Gemencheh, Taman Pekan Gemencheh Baru, 73200 Gemencheh, Negeri Sembilan",,,(NS) Gemencheh,
99speedmart,convenience_store,99SpeedMart @(NS) Senawang Jaya,"No: 19 & 20 (Ground Floor), Jalan MSJ 1, Medan Perniagaan Senawang Jaya, 70450 Seremban, Negeri Sembilan",,,(NS) Senawang Jaya,
99speedmart,convenience_store,99SpeedMart @(NS) Putra Nilai,"C-8G, Acacia Avenue, Jalan Jati 9, Desa Jati, Putra Nilai, 71800 Nilai, Negeri Sembilan",,,(NS) Putra Nilai,
99speedmart,convenience_store,99SpeedMart @(NS) Bukit Chedang,"No: 20 & 22 (Ground Floor), Jalan Belida 11, Tmn Bkt Chedang, 70300 Seremban, Negeri Sembilan",,,(NS) Bukit Chedang,
99speedmart,convenience_store,99SpeedMart @(NS) Taman Pinggiran Pedas,"No 13 & 14 (Ground Floor), Lorong PP14, Taman Pinggiran Pedas, 71400 Pedas, Negeri Sembilan.",,,(NS) Taman Pinggiran Pedas,
99speedmart,convenience_store,99SpeedMart @(NS) Sendayan Metropark,"27 (Ground Floor), Persiaran Metro Sendayan 1, Sendayan Metropark, 71950 Bandar Sri Sendayan, Negeri Sembilan",,,(NS) Sendayan Metropark,
99speedmart,convenience_store,99SpeedMart @(NS) Taman Ria,"No: 5 & 6 (Ground Floor), Batu 2 1/2, Jalan Seremban, Tmn Ria, 71000 Port Dickson, Negeri Sembilan",2.55214,101.80565,(NS) Taman Ria,"['Fatimah Restaurant', 'Secret Recipe', '168美食坊']"
99speedmart,convenience_store,99SpeedMart @(NS) Taman Widuri Indah,"No 97 & 98 (Ground Floor), Jalan Widuri Indah 5,   Taman Widuri Indah, 70450 Senawang, Negeri Sembilan",,,(NS) Taman Widuri Indah,
99speedmart,convenience_store,99SpeedMart @(NS) Galla Industrial Park,"No: 35 & 36 (Ground Floor), Lorong Mutiara Galla 11, Galla Industrial Park, 70200 Seremban, Negeri Sembilan",,,(NS) Galla Industrial Park,
99speedmart,convenience_store,99SpeedMart @(NS) Bandar Enstek,"No: 4 & 5 (Ground Floor), Jalan Timur 6/1A, Mercato @ Enstek, 71760 Bandar Enstek, Negeri Sembilan",,,(NS) Bandar Enstek,
99speedmart,convenience_store,99SpeedMart @(NS) Pekan Juasseh,"No: 30 & 31 (Ground Floor), Jalan Biru, Tmn Pelangi, 72500 Juasseh, Negeri Sembilan",,,(NS) Pekan Juasseh,
99speedmart,convenience_store,99SpeedMart @(NS) Taman Sikamat Jaya,"No: 513 (Ground Floor), Tmn Sikamat Jaya, 70400 Seremban, Negeri Sembilan",,,(NS) Taman Sikamat Jaya,
99speedmart,convenience_store,99SpeedMart @(NS) Pusat Niaga KLIA,"C-27 (Ground Floor), Jalan Pusat Niaga KLIA 1, Kompleks Perumahan KLIA, 71800 Nilai, Negeri Sembilan",,,(NS) Pusat Niaga KLIA,
99speedmart,convenience_store,99SpeedMart @(NS) Kampung Mahsan,"No: 142 & 143 (Ground Floor), Lorong 1/1, Taman Mahsan,72100 Bahau, Negeri Sembilan.",,,(NS) Kampung Mahsan,
99speedmart,convenience_store,99SpeedMart @(NS) Desa Puteri,"PT 1166 (Ground Floor), Jalan Puteri 1, Taman Desa Puteri, 72100 Bahau, Negeri Sembilan.",,,(NS) Desa Puteri,
99speedmart,convenience_store,99SpeedMart @(NS) Taman Bahagia Delima,"No 20 & 21 (Single Storey), Lorong Tbd 1/1, Taman Bahagia Delima, 72000 Kuala Pilah, Negeri Sembilan Darul Ehsan",,,(NS) Taman Bahagia Delima,
99speedmart,convenience_store,99SpeedMart @(NS) Springhill,"No 48 (Ground Floor), Jalan Springhill 9/1, Bandar Springhill, 71010 Port Dickson, Negeri Sembilan Darul Ehsan",,,(NS) Springhill,
99speedmart,convenience_store,99SpeedMart @(NS) Sunggala Gateway,"No 7 & 8 (Ground Floor), Blok A, PD Sunggala Gateway,  71050 Teluk Kemang, Negeri Sembilan.",,,(NS) Sunggala Gateway,
99speedmart,convenience_store,99SpeedMart @(NS) Taman Nusa Intan,"No: 1 (Single Storey), Jalan Nusa Intan 2/1, Taman Nusa Intan, 70400 Seremban, Negeri Sembilan Darul Khusus.",,,(NS) Taman Nusa Intan,
99speedmart,convenience_store,99SpeedMart @(NS) Tuanku Jaafar,"No 653 & 654 (Single Storey), Jalan TTJ 2/3, Taman Tuanku Jaafar, 71450 Seremban, Negeri Sembilan Darul Khusus.",2.675218,101.993270,(NS) Tuanku Jaafar,"['Adik Burger & Co.', 'TTJ CORNER', 'Court Futsal Taman Tuanku Jaafar']"
99speedmart,convenience_store,99SpeedMart @(NS) Taman Seremban Jaya 2,"PT 2511 (Ground Floor), Jalan SJ 2/1, Taman Seremban Jaya, 70450 Seremban, Negeri Sembilan Darul Khusus.",,,(NS) Taman Seremban Jaya 2,
99speedmart,convenience_store,99SpeedMart @(NS) Taman Sri Serting,"No: 210 & 211 (Single Storey), Taman Sri Serting, 72120 Bandar Sri Jempol, Negeri Sembilan Darul Khusus.",2.89163,102.40197,(NS) Taman Sri Serting,"['Pasaraya Dein', 'Intan Fatimah Sani']"
99speedmart,convenience_store,99SpeedMart @(NS) Pekan Rembau,"No: 42/Lot 968 (Ground Floor), Jalan Terentang, 71300 Rembau, Negeri Sembilan",2.58979,102.09310,(NS) Pekan Rembau,"['Bank Simpanan Nasional (BSN)', 'Tnb Rembau', 'CIMB Rembau']"
99speedmart,convenience_store,99SpeedMart @(NS) Simpang Pertang,"No. 2 & 3 (Ground Floor), Jalan Uranus 1, Pusat Perniagaan Uranus, 72309 Simpang Pertang, Negeri Sembilan Darul Khusus.",2.9414585,102.2641825,(NS) Simpang Pertang,"['Speed Mart', 'Caltex', 'Kedai Makan Simpang Pasoh']"
99speedmart,convenience_store,99SpeedMart @(NS) Rompin,"No: 8 (Ground Floor), Jalan Melor 1, Taman Melor Rompin, 73500 Rompin, Negeri Sembilan Darul Khusus.",2.7043270,102.4991352,(NS) Rompin,"['Cendol Nogori', 'newplace']"
99speedmart,convenience_store,99SpeedMart @(NS) Linggi,"No: 13 & 13A (Ground Floor), Jalan Besar, 71150 Linggi, Port Dickson, Negeri Sembilan Darul Khusus.",2.4848218,102.0106953,(NS) Linggi,"['7 Eleven Linggi', 'Kedai Gunting Rambut']"
99speedmart,convenience_store,99SpeedMart @(NS) Nilai Cempeka,"No: 13A (Ground Floor), Jalan Cempaka 4/1, Desa Cempaka 2, Putra Nilai, 71800 Nilai, Negeri Sembilan Darul Khusus.",2.8007929,101.7629034,(NS) Nilai Cempeka,"['Papa Tomyam Seafood', 'Klinik Pakar Kanak Kanak An Nur']"
99speedmart,convenience_store,99SpeedMart @(NS) Taman Beringin Jaya,"No: 8 & 9 (Ground Floor), Jalan Beringin Jaya 1, Taman Beringin Jaya, 71700 Mantin, Negeri Sembilan Darul Khusus",2.8653149,101.8681751,(NS) Taman Beringin Jaya,"['Basooh24', 'Beranang Post Office']"
99speedmart,convenience_store,99SpeedMart @(NS) Rembau Sentral,"No: 15 & 16 (Ground Floor), Jalan RS 1, Rembau Sentral, 71300 Rembau, Negeri Sembilan Darul Khusus.",2.588307,102.099057,(NS) Rembau Sentral,"['Secret Recipe', 'Mr. Gadgets']"
99speedmart,convenience_store,99SpeedMart @(NS) Taman Damai Gemas,"PT 4287 & 4288 (Ground Floor), Taman Damai, 73400 Gemas, Negeri Sembilan Darul Khusus.",,,(NS) Taman Damai Gemas,
99speedmart,convenience_store,99SpeedMart @(NS) Tmn Pasir Besar,"PT 4749 & 4750(Ground Floor), Taman Pasir Besar, 73400 Gemas, Negeri Sembilan.",2.6535760,102.5336330,(NS) Tmn Pasir Besar,"['Poliklinik Eden', 'Awang Satay House', 'Tanah Perkuburan Islam Kg.Pasir Besar']"
99speedmart,convenience_store,99SpeedMart @(NS) Tmn Gunung Mas,"PT 5957 & 5958 (Ground Floor), Taman Gunung Mas, 73000 Tampin, Negeri Sembilan.",,,(NS) Tmn Gunung Mas,
99speedmart,convenience_store,99SpeedMart @(NS) Senawang Perdana,"No: 2 & 3 (Ground Floor), Jalan Senawang Perdana 1, Taman Senawang Perdana, 71450 Seremban, Negeri Sembilan.",2.65502,102.00279,(NS) Senawang Perdana,"['Laundry Hub @ Taman Senawang Perdana', 'Heveapac']"
99speedmart,convenience_store,99SpeedMart @(NS) Suria Nilai 3,"No: 1 (Ground Floor), Jalan Suria 1, Suria Nilai 3, 71800 Nilai, Negeri Sembilan.",2.85219,101.80114,(NS) Suria Nilai 3,"['J&M Lighting Sdn Bhd', 'Andezo Home Design (Nilai 3 Branch)']"
99speedmart,convenience_store,99SpeedMart @(NS) Simpang Durian,"No: 6 & 7 (Ground Floor), Jalan BR 1, Taman Bunga Raya , 72400 Simpang Durian, Negeri Sembilan.",3.09699,102.21921,(NS) Simpang Durian,"['Pasar Malam Simpang Durian', 'Agro Bank', 'Petronas Simpang Durian']"
99speedmart,convenience_store,99SpeedMart @(NS) Pusat Komersial Gemencheh,"No : 58  & 59 (Ground Floor), Jalan Kasturi 1, Pusat Komersial Gemencheh, 73200 Gemencheh, Negeri Sembilan.",,,(NS) Pusat Komersial Gemencheh,
99speedmart,convenience_store,99SpeedMart @(NS) Taman Lelayang,"No : PT4 & PT5 (Ground Floor), Taman Lelayang, 72120 Bandar Seri Jempol, Negeri Sembilan.",,,(NS) Taman Lelayang,
99speedmart,convenience_store,99SpeedMart @(NS) Pusat Komersial Saujana,"No. 140 (Ground Floor), Jalan Pusat Komersial Saujana 5, Pusat Komersial Saujana, 70300 Seremban 2, Negeri Sembilan Darul Khusus.",2.706108,101.886979,(NS) Pusat Komersial Saujana,"['Haval Seremban S2 Heights', '中华医药针灸所']"
99speedmart,convenience_store,99SpeedMart @(NS) Jalan Zaaba,"No : 5A & 5B (Ground Floor), Jalan Zaaba, 70100 Seremban, Negeri Sembilan Darul Khusus.",2.716081,101.946947,(NS) Jalan Zaaba,"['Kedai Kopi Yung Seng', 'Babu Rahang', 'Fatt Kee Chicken Rice']"
99speedmart,convenience_store,99SpeedMart @(NS) Taman College Heights,"No: 44 (Single Storey), Jalan College Heights 1/1, Taman College Heights , Sikamat, 70400 Seremban, Negeri Sembilan Darul Khusus.",,,(NS) Taman College Heights,
99speedmart,convenience_store,99SpeedMart @(NS) Pasir Panjang,"No :54 & 55 (Ground Floor), Jalan Besar, Pasir Panjang, 71250 Port Dickson, Negeri Sembilan Darul Khusus.",,,(NS) Pasir Panjang,
99speedmart,convenience_store,99SpeedMart @(NS) Taman Seri Air Hitam,"No :2 & 3 (Single Storey), Jalan Thaim 1, Taman Seri Air Hitam, 72120 Bandar Seri Jempol, Negeri Sembilan Darul Khusus.",2.93514,102.38819,(NS) Taman Seri Air Hitam,"['Balai Polis Ayer Hitam', 'Masjid Kg Baru Air Hitam', 'Kedai Makanan Dan Minuman Seri Ayer Hitam']"
99speedmart,convenience_store,99SpeedMart @(NS) Nusari Biz,"No: 1780 (Ground Floor), Jalan Nusari Bayu 7/1, Nusari Biz, 71950 Bandar Sri Sendayan, Negeri Sembilan Darul Khusus.",2.66872,101.87535,(NS) Nusari Biz,"['7 Eleven Nusari Biz', 'Klinik Mediviron']"
99speedmart,convenience_store,99SpeedMart @(NS) Jalan Yam Tuan,"No: 111 & 113 (Ground Floor), Jalan Yam Tuan, 70000 Seremban, Negeri Sembilan Darul Khusus.",,,(NS) Jalan Yam Tuan,
99speedmart,convenience_store,99SpeedMart @(NS) Taman Air Mawang,"No: 2 & 3 (Ground Floor), Jalan Mawar 1, Taman Air Mawang, 73100 Johol, Negeri Sembilan Darul Khusus.",2.55521,102.25606,(NS) Taman Air Mawang,"['Pasar Mini Nawal', 'Cendol Air Mawang']"
99speedmart,convenience_store,99SpeedMart @(NS) Taman Sri Pinang,"No: 17 & 18 (Ground Floor), Jalan Sri Pinang 1, Taman Sri Pinang, Jalan Labu, 70200 Seremban, Negeri Sembilan Darul",,,(NS) Taman Sri Pinang,
99speedmart,convenience_store,99SpeedMart @(NS) Taman Sri Mawar,"No: 19 & 21 (Ground Floor), Lorong Sri Mawar 12/1, Taman Sri Mawar Fasa II, 70450 Senawang, Negeri Sembilan Darul Khusus.",2.69175,101.97516,(NS) Taman Sri Mawar,"['Klinik Permata', 'Klinik Permata 24jam', 'Fendi Burger']"
99speedmart,convenience_store,99SpeedMart @(NS) Gemas,"No: 12 & 13 (Ground Floor), Jalan Stesen Bas, 73400 Gemas, Negeri Sembilan Darul Khusus.",2.58216,102.61245,(NS) Gemas,"['Pasar Tani Gemas', ""Arked D'Mara Gemas"", 'Warung @ Snack Station']"
99speedmart,convenience_store,99SpeedMart @(NS) Taman Gadong Indah,"No : 1 (Single Storey), Jalan Gadong Indah 3, Taman Gadong Indah 1, 71900 Labu, Negeri Sembilan Darul Khusus.",2.69655,101.83401,(NS) Taman Gadong Indah,"['Pasar Borong Waja', 'Kedai Ikan Segar Simpang Gadong', 'Gadong Tomyam House']"
99speedmart,convenience_store,99SpeedMart @(NS) Taman Templer,"No : 16 (Ground Floor), Taman Templer, Jalan Tun Dr Ismail, 70200 Seremban, Negeri Sembilan Darul Khusus.",2.74031,101.92331,(NS) Taman Templer,"['Re Kee Homemade Fish Ball 日记自制鱼丸粉', '家家喜海鮮飯店']"
99speedmart,convenience_store,99SpeedMart @(NS) Taman Dato Raja Hanifah,"No : 65 (Ground Floor), Taman Raja Dato Hanifah, Jalan Rasah, 70300 Seremban, Negeri Sembilan Darul Khusus.",2.69757,101.93647,(NS) Taman Dato Raja Hanifah,"['Rasah Snow Car Wash', 'Warong Seremban Siew Pao', '华师傅']"
99speedmart,convenience_store,99SpeedMart @(NS) Taman Seremban Jaya 3,"No : 529 (Ground Floor), Jalan SJ 9/1, Taman Seremban Jaya, 70450 Seremban, Negeri Sembilan Darul Khusus.",2.67063,101.98283,(NS) Taman Seremban Jaya 3,"['Gerai Sotong Raja & Ayam Gunting Mizan', 'Family Store Seremban Jaya', 'Bao Heng Car Accessories & Aircond']"
99speedmart,convenience_store,99SpeedMart @(NS) Senaling,"No : 9 & 10 (Ground Floor), Jalan PPS 1, Pusat Perniagaan Senaling, 72000 Kuala Pilah, Negeri Sembilan Darul Khusus.",2.70807,102.25142,(NS) Senaling,"['Kedai Kopi Hua Hin', 'Roti Sabak', 'PETRONAS Station']"
99speedmart,convenience_store,99SpeedMart @(NS) Batu Kikir,"No : 2 & 3 (Ground Floor), Jalan Beringin 2, Pekan Batu Kikir 2, 72200 Batu Kikir, Negeri Sembilan Darul Khusus.",2.83126,102.31743,(NS) Batu Kikir,"['Cendol Retro Batu Kikir', 'Klinik Dr Zul']"
99speedmart,convenience_store,99SpeedMart @(NS) Pekan Mambau,"No : 43 & 44 (Ground Floor), Jalan Besar, Pekan Mambau, 70300 Seremban, Negeri Sembilan Darul Khusus.",,,(NS) Pekan Mambau,
99speedmart,convenience_store,99SpeedMart @2012-NS Pekan Rantau,"No : 60 & 61 (Ground Floor), Jalan Besar, Pekan Rantau, 71200 Rantau, Negeri Sembilan Darul Khusus.",,,2012-NS Pekan Rantau,
99speedmart,convenience_store,99SpeedMart @(NS) Tanjong Ipoh,"PT 1533 & 1534 (Ground Floor), Pekan Tanjong Ipoh, 71500 Tanjong Ipoh, Negeri Sembilan Darul Khusus.",2.74113,102.18469,(NS) Tanjong Ipoh,"['Kodai Abang Sidek', 'ABC Kelapa Tanjung Ipoh', 'Pkg Tanjung Ipoh']"
99speedmart,convenience_store,99SpeedMart @(NS) Pusat Dagangan Seremban 2,"No: 185 & 186 (Ground Floor), Jalan S2 B22, Pusat Dagangan Seremban 2, 70100 Seremban, Negeri Sembilan Darul Khusus.",2.69179,101.90345,(NS) Pusat Dagangan Seremban 2,"['Jupiter Furniture World', 'Yee Kee Beef Noodle', 'Copacabana Bar']"
99speedmart,convenience_store,99SpeedMart @(NS) Taman Komersial Senawang,"No: 120 & 121 (Ground Floor), Jalan Taman Komersial Senawang 5, Taman Komersial Senawang, 70450 Senawang, Negeri Sembilan Darul Khusus.",2.70457,101.98901,(NS) Taman Komersial Senawang,"['Tok Wan Nasi Ayam', 'Satay Tulang Bondo Kanduang', 'Satay Tulang Jelebu']"
99speedmart,convenience_store,99SpeedMart @(NS) Pusat Komersial Perwira,"No: A-2 & A-3 (Ground Floor), Pusat Komersil Perwira, 73480 Gemas, Negeri Sembilan Darul Khusus.",2.58475,102.57273,(NS) Pusat Komersial Perwira,"['Dapur Dyanna', 'DS Boutique Hotel Gemas', ""Selera D'tf Dapur Berapi""]"
99speedmart,convenience_store,99SpeedMart @(NS) Pekan Kota,"No: PT 6 & PT 7 (Ground Floor), Jalan Pekan Kota, Pekan Kota, 71350 Rembau, Negeri Sembilan Darul Khusus.",2.51907,102.15769,(NS) Pekan Kota,"['Kedai Roti Canai Izar', 'Kota', 'PETRONAS Kota']"
99speedmart,convenience_store,99SpeedMart @(NS) Taman Paroi Jaya,"No: 394 & 395 (Ground Floor), Persiaran Rajawali, Taman Paroi Jaya, Ampangan, 70400 Seremban, Negeri Sembilan Darul Khusus.",2.73075,101.98568,(NS) Taman Paroi Jaya,"['Extra Cheese & Popcorn Chicken', 'Leha World Restaurant', 'Kedai Gunting Rambut Wawasan']"
99speedmart,convenience_store,99SpeedMart @(NS) PP Lukut Utama,"No: 115 (Ground Floor), Jalan PPLU 5, Pusat Perniagaan Lukut Utama, 71010 Port Dickson, Negeri Sembilan Darul Khusus.",2.56915,101.82969,(NS) PP Lukut Utama,"['Indra Spices Flour Mill', 'Gavino Furniture', 'Perniagaan Bee Hin']"
99speedmart,convenience_store,99SpeedMart @(NS) Taman Rasah Jaya 2,"No: 3392 & 3393 (Ground Floor), Jalan RJ 6/1, Taman Rasah Jaya, 70300 Seremban, Negeri Sembilan Darul Khusus.",2.67980,101.94728,(NS) Taman Rasah Jaya 2,"['保康藥行酒莊 Poh Khong Medical & Liquor', 'Family Store', 'Rojak Mee Goreng Macha Din Power']"
99speedmart,convenience_store,99SpeedMart @(NS) Kota Seriemas,"No: 17 & 18 (Ground Floor), Jalan Laman Cempaka 1A, Kota Seriemas, Labu, 71800 Nilai, Negeri Sembilan Darul Khusus.",2.78485,101.77670,(NS) Kota Seriemas,"['Basoh', 'Himmi Barber Shop']"
99speedmart,convenience_store,99SpeedMart @(NS) Dangi,"No: 33-B & 33-C (Ground Floor), Jalan Besar, Pekan Dangi, 73100 Johol, Negeri Sembilan Darul Khusus.",2.64418,102.32217,(NS) Dangi,"['肥媽古早味小吃館', 'Kampung Dangi', 'Dangi']"
99speedmart,convenience_store,99SpeedMart @(NS) Taman Layang-Layang,"No: 281 & 282 (Ground Floor), Lorong Layang-Layang 9/1, Taman Layang-Layang, 70100 Rahang, Negeri Sembilan Darul Khusus.",2.69374,101.95905,(NS) Taman Layang-Layang,"['新向阳海鲜饭店', 'Restoran Makanan Laut Vincent', ""Happy Everyday's Home""]"
99speedmart,convenience_store,99SpeedMart @(NS) Bandar Baru Ampangan,"No: 2 (Ground Floor), Jalan Ampangan, Bandar Baru Ampangan, 70400 Seremban, Negeri Sembilan Darul Khusus.",2.72421,101.96384,(NS) Bandar Baru Ampangan,"['Dila Tomyam', 'King Of Sup & Bakso', 'Wisma Abim']"
99speedmart,convenience_store,99SpeedMart @(NS) Pekan Nilai,"No: 184 & 185 (Ground Floor), Jalan Besar, Pekan Nilai, 71800 Nilai, Negeri Sembilan Darul Khusus.",2.80179,101.79349,(NS) Pekan Nilai,"['Mee Goreng Mamak Kak Balqis (Depan Masjid Lama)', 'Sendayan Motor', 'Masjid Lama Nilai']"
99speedmart,convenience_store,99SpeedMart @(NS) Taman Seri Kiambang,"No: 2 & 3 (Ground Floor), Jalan Seri Kiambang 1, Taman Seri Kiambang, 70450 Seremban, Negeri Sembilan Darul Khusus.","2°42'32.9""N","101°58'35.1""E",(NS) Taman Seri Kiambang,"['East', 'Estate', 'Writers Guild of America']"
99speedmart,convenience_store,99SpeedMart @(NS) Pusat Dagangan Sendayan,"No: 186 (Ground Floor), Jalan Pusat Dagangan Sendayan 3/3, Pusat Dagangan Sendayan, 71950 Seremban, Negeri Sembilan Darul Khusus","2°40'51.7""N","101°52'3.3""E",(NS) Pusat Dagangan Sendayan,"['East', 'Estate', 'Writers Guild of America']"
99speedmart,convenience_store,99SpeedMart @(NS) Suriaman Biz,"No: 1265 & 1266 (Ground Floor), Jalan Suriaman Biz 1, 71950 Bandar Sri Sendayan, Negeri Sembilan Darul Khusus.","2°41'59.3""N","101°51'22.4""E",(NS) Suriaman Biz,"['East', 'Estate', 'Writers Guild of America']"
99speedmart,convenience_store,99SpeedMart @(NS) Pusat Perniagaan Tecoma,"No: 11 & 12 (Ground Floor), Jalan Tecoma 1, Pusat Perniagaan Tecoma, 72100 Bahau, Negeri Sembilan Darul Khusus.","2°48'29.9""N","102°23'37.4""E",(NS) Pusat Perniagaan Tecoma,"['East', 'Estate', 'Writers Guild of America']"
99speedmart,convenience_store,99SpeedMart @(NS) Pusat Komersial Suria,"No: 5 & 6 (Ground Floor), Pusat Komersial Suria, Jalan Air Kuning, 73410 Gemas, Negeri Sembilan Darul Khusus.","2°30'40.2""N","102°28'48.1""E",(NS) Pusat Komersial Suria,"['East', 'Estate', 'Writers Guild of America']"
99speedmart,convenience_store,99SpeedMart @(NS) Taman Vista Jaya,"No : 1 & 3 (Ground Floor), Jalan Vista Jaya, Taman Vista Jaya, 71010 Port Dickson, Negeri Sembilan Darul Khusus.","2°34'30.0""N","101°51'12.1""E",(NS) Taman Vista Jaya,"['East', 'Estate', 'Writers Guild of America']"
99speedmart,convenience_store,99SpeedMart @(NS) Broga,"No: Lot 2805 & 2806 (Ground Floor), Jalan Besar Broga, Pekan Broga, 71750 Lenggeng, Negeri Sembilan Darul Khusus.",,,(NS) Broga,
99speedmart,convenience_store,99SpeedMart @(NS) Tuanku Jaafar 2,"No 35 & 37 (Ground Floor), Jalan TTJ S/A, Taman Tuanku Jaafar, 71450 Seremban, Negeri Sembilan Darul Khusus.","2°40'14.7""N","101°59'38.9""E",(NS) Tuanku Jaafar 2,"['East', 'Estate', 'Writers Guild of America']"
99speedmart,convenience_store,99SpeedMart @(NS) Springhill 2,"No: 43A (Ground Floor), Jalan Springhill 1/1, Bandar Springhill, 71010 Port Dickson, Negeri Sembilan Darul Khusus.","2°36'34.1""N","101°52'6.9""E",(NS) Springhill 2,"['East', 'Estate', 'Writers Guild of America']"
99speedmart,convenience_store,99SpeedMart @(NS) Taman Juasseh Sentosa,"No: 10 & 11 (Ground Floor), Jalan Juasseh Sentosa 2, Taman Juasseh Sentosa, 72500 Juasseh, Negeri Sembilan Darul Khusus.","2°47'22.7""N","102°17'26.7""E",(NS) Taman Juasseh Sentosa,"['East', 'Estate', 'Writers Guild of America']"
99speedmart,convenience_store,99SpeedMart @(NS) Taman Permai Kuala  Pilah,"No: KM 1 (Ground Floor), Jalan Bahau, Taman Permai, 72000 Kuala Pilah, Negeri Sembilan Darul Khusus.","2°45'7.7""N","102°14'48.8""E",(NS) Taman Permai Kuala  Pilah,"['East', 'Estate', 'Writers Guild of America']"
99speedmart,convenience_store,99SpeedMart @(NS) Rasah Kemayan,"No: 13 & 14 (Ground Floor), Jalan RK 5/5, Rasah Kemayan. 70300 Seremban, Negeri Sembilan Darul Khusus.","2°41'31.7""N","101°52'24.6""E",(NS) Rasah Kemayan,"['East', 'Estate', 'Writers Guild of America']"
99speedmart,convenience_store,99SpeedMart @(NS) Tiara Sendayan,"No: 13 (Ground Floor), Jalan Tiara Sendayan Biz 1, Pusat Komersial Tiara Sendayan, 71900 Labu, Negeri Sembilan Darul Khusus.","2°42'6.6""N","101°49'0.6""E",(NS) Tiara Sendayan,"['East', 'Estate', 'Writers Guild of America']"
99speedmart,convenience_store,99SpeedMart @(NS) Taman Gunung Tahan Utama,"No: 3A & 4A (Ground Floor), Jalan GT Utama 1, Taman Gunung Tahan Utama, 71350 Kota, Negeri Sembilan Darul Khusus.","2°29'18.4""N","102°11'30.2""E",(NS) Taman Gunung Tahan Utama,"['East', 'Estate', 'Writers Guild of America']"
99speedmart,convenience_store,99SpeedMart @(NS) Taman Pekan Baru,"No: 21 & 22 (Ground Floor), Taman Pekan Baru, 71650 Titi, Negeri Sembilan Darul Khusus.","2°58'36.1""N","102°3'34.3""E",(NS) Taman Pekan Baru,"['East', 'Estate', 'Writers Guild of America']"
99speedmart,convenience_store,99SpeedMart @(NS) Bandar Dataran Segar,"No: 31 (Ground Floor), Jalan DS 1/1, Bandar Dataran Segar,71010 Port Dickson, Negeri Sembilan Darul Khusus.","2°33'35.9""N","101°48'52.3""E",(NS) Bandar Dataran Segar,"['East', 'Estate', 'Writers Guild of America']"
99speedmart,convenience_store,99SpeedMart @(NS) Taman Surian,"No: 11 & 12 (Ground Floor), Jalan Surian 11, Taman Surian, 71700 Mantin, Negeri Sembilan Darul Khusus.","2°50'7.8""N","101°51'55.6""E",(NS) Taman Surian,"['East', 'Estate', 'Writers Guild of America']"
99speedmart,convenience_store,99SpeedMart @(NS) Taman Bagan Kurnia,"No: 4 & 5 (Ground Floor), Jalan Bagan Kurnia, Taman Bagan Kurnia, 71960 Port Dickson, Negeri Sembilan Darul Khusus.","2°35'39.1""N","101°46'32.1""E",(NS) Taman Bagan Kurnia,"['East', 'Estate', 'Writers Guild of America']"
99speedmart,convenience_store,99SpeedMart @(NS) Bandar Warisan Puteri,"No :1793 & 1794 (Ground Floor), Jalan Warisan Putri A62, Bandar Warisan Puteri, 70400, Seremban, Negeri Sembilan Darul Khusus.","2°45'33.0""N","101°59'2.7""E",(NS) Bandar Warisan Puteri,"['East', 'Estate', 'Writers Guild of America']"
99speedmart,convenience_store,99SpeedMart @(NS) Taman Jati,"No: 3 & 4 (Ground Floor), Jalan Batu Kikir, Taman Jati, 72100 Bahau, Negeri Sembilan Darul Khusus.","2°48'27.5""N","102°22'33.4""E",(NS) Taman Jati,"['East', 'Estate', 'Writers Guild of America']"
99speedmart,convenience_store,99SpeedMart @(NS) Taman Senimas,"No : S2 & S3 (Ground Floor), Jalan Senimas 1, Taman Senimas, 72000 Kuala Pilah, Negeri Sembilan Darul Khusus.","2°46'5.0""N","102°14'59.3""E",(NS) Taman Senimas,"['East', 'Estate', 'Writers Guild of America']"
99speedmart,convenience_store,99SpeedMart @(NS) Taman Mikamas,"No : 15 (Ground Floor), Taman Mikamas Batu 2, Jalan Seremban, 71000 Port Dickson, Negeri Sembilan Darul Khusus.","2°32'52.2""N","101°48'3.4""E",(NS) Taman Mikamas,"['East', 'Estate', 'Writers Guild of America']"
99speedmart,convenience_store,99SpeedMart @(NS) Pekan Tampin,"Lot: 588 (Ground Floor), Jalan Besar, Pekan Tampin, 73000 Tampin, Negeri Sembilan Darul Khusus.","2°28'14.3""N","102°13'46.8""E",(NS) Pekan Tampin,"['East', 'Estate', 'Writers Guild of America']"
99speedmart,convenience_store,99SpeedMart @(NS) Taman Akasia Kundur,"No : K6  & K7 (Ground Floor), Jalan Akasia Kundur 1, Taman Akasia Kundur, 71400 Pedas, Negeri Sembilan Darul Khusus.","2°31'14.9""N","102°2'0.7""E",(NS) Taman Akasia Kundur,"['East', 'Estate', 'Writers Guild of America']"
99speedmart,convenience_store,99SpeedMart @(NS) Pusat Komersial Repah Baru,"No : 28 & 29 (Ground Floor), Jalan PKRB 1, Pusat Komersial Repah Baru, 73000 Tampin, Negeri Sembilan Darul Khusus.","2°29'40.1""N","102°14'40.9""E",(NS) Pusat Komersial Repah Baru,"['East', 'Estate', 'Writers Guild of America']"
99speedmart,convenience_store,99SpeedMart @(NS) Jalan Rasah,"No: 1278 (Ground Floor), Lorong Mangga 7/1, Jalan Rasah, 70100 Seremban, Negeri Sembilan Darul Khusus.","2°42'7.7""N","101°56'16.9""E",(NS) Jalan Rasah,"['East', 'Estate', 'Writers Guild of America']"
99speedmart,convenience_store,99SpeedMart @3150 -(NS) Pusat Perniagaan Ara,"No: 31 & 33 (Ground Floor), Jalan Ara 1, Pusat Perniagaan Ara, 72100 Bahau, Negeri Sembilan Darul Khusus.","2°48'45.6""N","102°24'43.5""E",3150 -(NS) Pusat Perniagaan Ara,"['East', 'Estate', 'Writers Guild of America']"
99speedmart,convenience_store,99SpeedMart @(NS) Kuala Sawah,"No : 1885 & 1886 (Ground Floor), Jalan Besar, Kuala Sawah, 71200 Rantau, Negeri Sembilan Darul Khusus.","2°37'35.8""N","101°56'50.9""E",(NS) Kuala Sawah,"['East', 'Estate', 'Writers Guild of America']"
99speedmart,convenience_store,99SpeedMart @(NS) Taman Samudra,"No: 11 & 12 (Ground Floor), Persiaran Kurau 1, Taman Samudra, 71000 Port Dickson, Negeri Sembilan Darul Khusus.","2°32'37.9""N","101°47'54.1""E",(NS) Taman Samudra,"['East', 'Estate', 'Writers Guild of America']"
99speedmart,convenience_store,99SpeedMart @(NS) PP Laman Galla,"No: G-04 & G-05 (Ground Floor), Jalan Perniagaan Laman Galla, Pusat Perniagaan Laman Galla, 71800 Nilai, Negeri Sembilan Darul Khusus.","2°50'34.5""N","101°49'36.9""E",(NS) PP Laman Galla,"['East', 'Estate', 'Writers Guild of America']"
99speedmart,convenience_store,99SpeedMart @(NS) Taman Sri Gelugur,"No: 94 & 95 (Ground Floor), Taman Sri Gelugor, 72500 Juasseh, Negeri Sembilan Darul Khusus.","2°48'24.6""N","102°18'30.8""E",(NS) Taman Sri Gelugur,"['East', 'Estate', 'Writers Guild of America']"
99speedmart,convenience_store,99SpeedMart @(NS) Taman Bukit Berlian,"No: 18 & 19 (Ground Floor), Jalan Bukit Berlian, Taman Bukit Berlian, 71700 Mantin, Negeri Sembilan Darul Khusus.","2°49'53.4""N","101°53'39.1""E",(NS) Taman Bukit Berlian,"['East', 'Estate', 'Writers Guild of America']"
99speedmart,convenience_store,99SpeedMart @(NS) Taman Desa Klana,"No: 8421 & 8422 (Ground Floor), Lorong Taman Desa Klana 2, Taman Desa Klana, 71750 Lenggeng, Negeri Sembilan Darul Khusus.","2°51'54.1""N","101°56'22.8""E",(NS) Taman Desa Klana,"['East', 'Estate', 'Writers Guild of America']"
99speedmart,convenience_store,99SpeedMart @(NS) Bandar Tasik Senangin,"No: 13, 14 & 15 (Ground Floor), Jalan Tasik Senangin 15/2, Bandar Tasik Senangin, 71750 Lenggeng, Negeri Sembilan Darul Khusus..","2°52'51.4""N","101°54'46.2""E",(NS) Bandar Tasik Senangin,"['East', 'Estate', 'Writers Guild of America']"
99speedmart,convenience_store,99SpeedMart @(NS) Pekan Air Kuning,"No: 3407 & 3408 (Ground Floor), Pekan Air Kuning, 71200 Rantau, Negeri Sembilan Darul Khusus.","2°32'54.1""N","101°58'22.2""E",(NS) Pekan Air Kuning,"['East', 'Estate', 'Writers Guild of America']"
99speedmart,convenience_store,99SpeedMart @(NS) Taman Aneka,"No: 56 & 57 (Ground Floor), Lorong Aneka 2, Taman Aneka, 71250 Pasir Panjang, Negeri Sembilan Darul Khusus.","2°25'45.8""N","101°51'41.5""E",(NS) Taman Aneka,"['East', 'Estate', 'Writers Guild of America']"
99speedmart,convenience_store,99SpeedMart @(NS) Taman Lukut Makmur,"No: 4 & 5 (Ground Floor), Lorong Lukut Makmur 1, Taman Lukut Makmur, 71010 Port Dickson, Negeri Sembilan Darul Khusus.","2°34'47.6""N","101°49'33.8""E",(NS) Taman Lukut Makmur,"['East', 'Estate', 'Writers Guild of America']"
99speedmart,convenience_store,99SpeedMart @(NS) Oakland Commerce Square,"No: 19 & 20 (Ground Floor), Lorong Haruan 5/1, Oakland Commerce Square, 70300 Seremban, Negeri Sembilan Darul Khusus.","2°42'22.4""N","101°54'57.5""E",(NS) Oakland Commerce Square,"['East', 'Estate', 'Writers Guild of America']"
99speedmart,convenience_store,99SpeedMart @(NS) Taman Desa Anggerik Senawang,"No: 1 & 2 (Ground Floor), Jalan Desa Anggerik 1, Taman Desa Anggerik Senawang, 70450 Seremban, Negeri Sembilan Darul Khusus.","2°41'34.1""N","101°59'20.5""E",(NS) Taman Desa Anggerik Senawang,"['East', 'Estate', 'Writers Guild of America']"
99speedmart,convenience_store,99SpeedMart @(NS) Taman Bukit Emas,"No: 26 & 27 (Ground Floor), Jalan Bukit Emas 2, Taman Bukit Emas, Jalan Tampin, 70450 Seremban, Negeri Sembilan Darul Khusus.","2°41'20.9""N","101°58'1.2""E",(NS) Taman Bukit Emas,"['East', 'Estate', 'Writers Guild of America']"
99speedmart,convenience_store,99SpeedMart @(NS) Taman Dato Taha,"No: PT 4635 & PT 4636 (Ground Floor), Jalan Mempelam 1, Taman Dato Taha, 73200 Gemencheh, Negeri Sembilan Darul Khusus.","2°31'24.7""N","102°23'30.8""E",(NS) Taman Dato Taha,"['East', 'Estate', 'Writers Guild of America']"
