99speedmart,convenience_store,99SpeedMart @(PH) Genting Permai Avenue,"B-G-09, Jln Permai, Genting Permai Avenue, Genting Highland, 69000 Bentong, Pahang",,,(PH) Genting Permai Avenue,
99speedmart,convenience_store,99SpeedMart @(PH) Taman Gemilang,"No: P14A (Ground Floor), Taman Gemilang, Batu 1, Jalan Tras, 28700 Bentong, Pahang Darul Makmur.",3.539183,101.900470,(PH) Taman Gemilang,"[""EL'S Kitchen"", 'Restoran Desa （山村風味館）', 'Mr. Crocodile Corner']"
99speedmart,convenience_store,99SpeedMart @(PH) Pekan Karak,"No. 39 & 40 (Ground Floor), Jalan Besar Karak, 28600 Bentong, Pahang.",3.41400,102.03491,(PH) Pekan Karak,"['财记面档 Choi Kee Wan Tan Mee', 'Soo Kam Kee Kedai Makan Dan Minuman', 'Klinik Karak']"
99speedmart,convenience_store,99SpeedMart @(PH) Taman Anggerik Utama,"No: P9 & P10 (Ground Floor), Jalan AU 2, Taman Anggerik Utama , 28700 Bentong, Pahang Darul Makmur.",3.49796,101.92299,(PH) Taman Anggerik Utama,"['Nissan Service Center Bentong', 'Dara Tomyam Seafood']"
99speedmart,convenience_store,99SpeedMart @(PH) Pesona Height,"No: P1 & P2 (Ground Floor), Jalan Pesona 1, Persona Height, Bukit Tinggi, 28750 Bentong, Pahang Darul Makmur.",3.35474,101.82777,(PH) Pesona Height,"['Restoran Nurr @ Kampung Bukit Tinggi', 'Tinggi Walk', 'Kedai Makan Dan Minum Zheng Ji 成记烧腊鸡饭']"
99speedmart,convenience_store,99SpeedMart @(PH) Lanchang,"No: 11 & 13 (Ground Floor), Jalan Lanchang Indah, Taman Lanchang Indah, 28500 Lanchang, Pahang Darul Makmur.",3.49960,102.19023,(PH) Lanchang,"['Mempaga Segar', 'Sinar Tomyam', 'Masjid Bandar Lanchang']"
99speedmart,convenience_store,99SpeedMart @(PH) Taman Royal Lily,"No: B-G-10, 12 & 13A (Ground Floor), Blok B, Jalan Royal Lily 1, Taman Royal Lily, 39000 Tanah Rata, Pahang Darul Makmur",04.46819,101.37357,(PH) Taman Royal Lily,"['BiGDee House Of Magic Potion Gallery', 'TNB Tanah Rata']"
99speedmart,convenience_store,99SpeedMart @(PH) Taman Bukit Bendera,"No : 40 & 42 (Ground floor), Jalan Bendera Mahkota, Taman Bukit Bendera, 28400 Mentakab, Pahang Darul Makmur.",3.47572,102.34075,(PH) Taman Bukit Bendera,"['Pmp Karaoke', 'Tea Pyor', 'Restoran Sin San Yuan']"
99speedmart,convenience_store,99SpeedMart @(PH) Taman Temerloh Jaya,"No : 96 & 98 (Ground floor), Jalan Temerloh Jaya, Taman Temerloh Jaya, 28000 Temerloh, Pahang Darul Makmur.",3.45310,102.39563,(PH) Taman Temerloh Jaya,"['Pasar Malam TJ', '7E TJ', 'Dobi Kita']"
99speedmart,convenience_store,99SpeedMart @(PH) Triang,"No : 31 & 32 (Ground floor), Jalan Temerloh, 28300 Triang, Pahang Darul Makmur.",3.24920,102.41838,(PH) Triang,"['Klinik Yap', 'Klinik Pergigian Gan', '好世界茶餐室 - New World Restaurant']"
99speedmart,convenience_store,99SpeedMart @(PH) Taman Komersial Emas,"No: 1 & 2 (Ground Floor), Jalan Emas 2A, Taman Komersial Emas, 28200 Bandar Bera, Pahang Darul Makmur.",3.26481,102.44919,(PH) Taman Komersial Emas,"['New-City Electrical Suppliers Sdn. Bhd. Kerayong', 'Nasi Lemak Ayam Goreng Sedap']"
99speedmart,convenience_store,99SpeedMart @(PH) Taman Bahagia Temerloh,"No: 28 (Ground Floor), Jalan Bahagia 31, Taman Bahagia, 28000 Temerloh, Pahang Darul Makmur.",3.45090,102.40991,(PH) Taman Bahagia Temerloh,"['Perniagaan Tayar K.K', '7 Eleven', '多香面粉糕']"
99speedmart,convenience_store,99SpeedMart @(PH) Kampung Baru Kemayan,"No: 1 (Ground Floor), Lorong 7, Kampung Baru Kemayan, 28380 Kemayan, Pahang Darul Makmur.",3.13509,102.36714,(PH) Kampung Baru Kemayan,"['助兴面档', 'Public Bank Kemayan', 'Kemayan']"
99speedmart,convenience_store,99SpeedMart @(PH) PP Corina,"No: 19 & 21 (Ground Floor), Jalan PPC 1, Pusat Perniagaan Corina, Kampung Raja, 39010 Cameron Highlands, Pahang Darul Makmur.",04.55827,101.41516,(PH) PP Corina,"['百合海鮮美食館', 'Agrobank Commercial Centre Cameron Highlands', 'Red Earth Organic Shop']"
99speedmart,convenience_store,99SpeedMart @(PH) Mentakab,"No: 3 (Ground Floor), Jalan Haji Kassim, 28400 Mentakab, Pahang Darul Makmur.",3.48318,102.34843,(PH) Mentakab,"['Maxis Mentakab', 'Clay', '金宏肉骨茶']"
99speedmart,convenience_store,99SpeedMart @(PH) Mengkuang,"No: 1 & 1A (Ground Floor), Jalan Besar Mengkuang, 28340 Mengkuang, Pahang Darul Makmur.",,,(PH) Mengkuang,
99speedmart,convenience_store,99SpeedMart @(PH) Taman Rimba,"No: 75 & 77 (Ground Floor), Jalan Angsana, Taman Rimba, 28400 Mentakab, Pahang Darul Makmur.",3.47708,102.32758,(PH) Taman Rimba,"['Bazar Ramadhan Taman Sri Layang', 'Le Cottage', 'Bs Freshmart']"
99speedmart,convenience_store,99SpeedMart @(PH) Kampung Manchis,"No: 13 & 14 (Ground Floor), Jalan Besar Manchis, Kampung Manchis, 28740 Bentong, Pahang Darul Makmur.",3.20266,102.16333,(PH) Kampung Manchis,"['Manchis', 'Balai Polis Manchis']"
99speedmart,convenience_store,99SpeedMart @(PH) Taman Setia Jasa,"No: 15 & 17 (Ground Floor), Jalan SJ 1 off Jalan Maran, Taman Setia Jasa, 28000 Temerloh, Pahang Darul Makmur.",3.47329,102.50265,(PH) Taman Setia Jasa,"['Klinik 1Malaysia Taman Setia Jasa', 'Maju Tomyam Seafood', 'Petronas']"
99speedmart,convenience_store,99SpeedMart @(PH) Taman Wawasan Raub,"No: 42 & 43 (Ground Floor), Taman Wawasan, 27600 Raub, Pahang Darul Makmur.",,,(PH) Taman Wawasan Raub,
99speedmart,convenience_store,99SpeedMart @(PH) Sungai Ruan,"No: 543 & 544 (Ground Floor), Jalan Besar, Taman Koperasi Mewah, 27600 Sungai Ruan, Pahang Darul Makmur.",3.81037,101.93917,(PH) Sungai Ruan,"['Sungai Ruan@Raub', 'Sekolah Menengah Sungai Ruan', 'Kg Sungai Ruan']"
99speedmart,convenience_store,99SpeedMart @(PH) PP Bentong Prima,"No: P69 (Ground Floor), Jalan Prima 1, Pusat Komersial Bentong Prima, 28700 Bentong, Pahang Darul Makmur.",3.51514,101.91367,(PH) PP Bentong Prima,"['Chanteq Cafe', 'Astana Island Restaurant', 'Wong Kham Chinese Muslim']"
99speedmart,convenience_store,99SpeedMart @(PH) Taman Maju Indah,"No: 1 & 2 (Ground Floor), Lorong Maju Indah 1, Taman Maju Indah, 27600 Raub, Pahang Darul Makmur.",3.81724,101.84415,(PH) Taman Maju Indah,"['Dewan Taman Mutiara', 'Akma Abshah Tomyam', 'Jabatan Pengangkutan Jalan (JPJ)']"
99speedmart,convenience_store,99SpeedMart @(PH) PP Raub,"No: 21 & 22 (Ground Floor), Pusat Perniagaan Raub, 27600 Raub, Pahang Darul Makmur.",3.79052,101.85634,(PH) PP Raub,"['East Coast Coffee House', 'Watson Raub', 'Nan Barbershop']"
99speedmart,convenience_store,99SpeedMart @(PH) Bandar Satelit,"No: 1 (Ground Floor), Jalan Makmur 8, Bandar Satelit, 26700 Muadzam Shah, Pahang Darul Makmur.",3.06775,103.07217,(PH) Bandar Satelit,"['Klinik Putramedic Muadzam Shah', 'Marrybrown', 'Pasaraya Darul Makmur']"
99speedmart,convenience_store,99SpeedMart @(PH) Taman Mewah,"No: 32 & 32A (Ground Floor), Jalan Mewah 1, Taman Mewah, 28050 Kuala Krau, Pahang Darul Makmur.",3.70651,102.37105,(PH) Taman Mewah,"['Klinik Putramedic Krau', 'Caltex Kuala Krau', 'Bhp Kuala Krau']"
99speedmart,convenience_store,99SpeedMart @(PH) Maran,"No: 21 & 22 (Ground Floor), Jalan Dagangan 2/1, Blok Perdagangan Maran 2, 26500 Maran, Pahang Darul Makmur.",3.58527,102.78360,(PH) Maran,"['Mr. DIY', 'KFC Maran', 'Bazar Ramadhan Bandar Maran']"
99speedmart,convenience_store,99SpeedMart @(PH) Taman Bukit Semantan,"No: 14 & 15 (Ground Floor), Jalan Semantan Baru 2, Taman Bukit Semantan, 28000 Temerloh, Pahang Darul Makmur.","3°28'15.7""N","102°22'55.4""E",(PH) Taman Bukit Semantan,"['East', 'Estate', 'Writers Guild of America']"
99speedmart,convenience_store,99SpeedMart @(PH) Jalan Lipis Raub,"No: PT 23123 & 23124 (Ground Floor), KM2-KM7, Jalan Lipis, 27600 Raub, Pahang Darul Makmur.","3°49'34.4""N","101°53'22.9""E",(PH) Jalan Lipis Raub,"['East', 'Estate', 'Writers Guild of America']"
99speedmart,convenience_store,99SpeedMart @(PH) Taman Oriental Lily,"No: 21 & 23 (Ground Floor), Persiaran Oriental Lily 1, Taman Oriental Lily, Tringkap, 39100 Cameron Highland, Pahang Darul Makmur.","4°30'34.1""N","101°25'33.6""E",(PH) Taman Oriental Lily,"['East', 'Estate', 'Writers Guild of America']"
99speedmart,convenience_store,99SpeedMart @(PH) Medan Desa Pertiwi,"No : P6 & P7 (Ground Floor), Medan Desa Pertiwi, Jalan Tras, 28700, Bentong, Pahang Darul Makmur.","3°34'11.0""N","101°53'24.7""E",(PH) Medan Desa Pertiwi,"['East', 'Estate', 'Writers Guild of America']"
99speedmart,convenience_store,99SpeedMart @(PH) Barrington Square,"No: G-21 & G-22 (Ground Floor), Barrington Square, Jalan Golden Hills, Cameron Golden Hills, 39000 Tanah Rata, Pahang Darul Makmur.","4°29'17.0""N","101°22'12.8""E",(PH) Barrington Square,"['East', 'Estate', 'Writers Guild of America']"
99speedmart,convenience_store,99SpeedMart @(PH) Taman Temin Utama,"No: 25 & 27 (Ground Floor), Lorong TU 1, Taman Temin Utama, 27000 Jerantut, Pahang Darul Makmur.","3°54'58.8""N","102°23'2.7""E",(PH) Taman Temin Utama,"['East', 'Estate', 'Writers Guild of America']"
99speedmart,convenience_store,99SpeedMart @(PH) Bandar Baru Jerantut,"No : TT 16 & TT 18 (Ground Floor), Jalan Dulang 1, Bandar Baru Jerantut, 27150, Jerantut, Pahang Darul Makmur.","3°56'18.8""N","102°21'34.5""E",(PH) Bandar Baru Jerantut,"['East', 'Estate', 'Writers Guild of America']"
99speedmart,convenience_store,99SpeedMart @(PH) Taman Feri Indah,"No: 5 & 7 (Ground Floor), Jalan Jerantut Feri, Taman Feri Indah, 27000 Jerantut, Pahang Darul Makmur","3°57'34.8""N","102°25'12.5""E",(PH) Taman Feri Indah,"['East', 'Estate', 'Writers Guild of America']"
99speedmart,convenience_store,99SpeedMart @(PH) Jengka,"No: K-03 & K-03A (Ground Floor), Lorong TARBP 6, Tun Abdul Razak Business Park, 26400 Bandar Pusat Jengka, Pahang Darul Makmur.",,,(PH) Jengka,
99speedmart,convenience_store,99SpeedMart @(PH) Bandar Inderapura,"No: 109 (Ground Floor), Jalan Zapin Indah 3, Bandar Inderapura, 27000 Jerantut, Pahang Darul Makmur.","3°56'1.8""N","102°22'3.7""E",(PH) Bandar Inderapura,"['East', 'Estate', 'Writers Guild of America']"
99speedmart,convenience_store,99SpeedMart @(PH) Jasmine Height,"No: 10 & 12 (Ground Floor), Jalan Jasmine 1, Jasmine Height, 39200 Ringlet, Cameron Highland, Pahang Darul Makmur.","4°24'46.9""N","101°22'41.8""E",(PH) Jasmine Height,"['East', 'Estate', 'Writers Guild of America']"
99speedmart,convenience_store,99SpeedMart @(PH) Taman Amalina Lestari,"No: 2 & 3 (Ground Floor), Jalan Lestari 1, Taman Amalina Lestari , 27600 Raub, Pahang Darul Makmur.","3°48'39.3""N","101°51'54.7""E",(PH) Taman Amalina Lestari,"['East', 'Estate', 'Writers Guild of America']"
99speedmart,convenience_store,99SpeedMart @(PH) Taman Bukit Sri Jaya,"No: 57 & 59 (Ground Floor), Jalan Sri Jaya 5/1, Taman Bukit Sri Jaya, 26500 Maran, Pahang Darul Makmur.","3°40'14.9""N","102°52'17.9""E",(PH) Taman Bukit Sri Jaya,"['East', 'Estate', 'Writers Guild of America']"
99speedmart,convenience_store,99SpeedMart @(PH) Taman Wijaya,"No: P1 & P2 (Ground Floor), Jalan Wijaya, Taman Wijaya, 28600 Karak, Pahang Darul Makmur.","3°25'11.6""N","102°2'48.8""E",(PH) Taman Wijaya,"['East', 'Estate', 'Writers Guild of America']"
99speedmart,convenience_store,99SpeedMart @(PH) PP Lipis Jaya,"No: 17 & 18 (Ground Floor), Jalan Lipis Jaya 2, Pusat Perniagaan Lipis Jaya, 27200 Kuala Lipis, Pahang Darul Makmur.","4°11'13.5""N","102°2'49.1""E",(PH) PP Lipis Jaya,"['East', 'Estate', 'Writers Guild of America']"
99speedmart,convenience_store,99SpeedMart @(PH)Sungai Jerik,"No: 1 & 2 (Ground Floor), Lorong SJ 3, Bandar Baru Sungai Jerik, 27080 Sungai Jerik, Pahang Darul Makmur.","3°46'48.6""N","102°38'31.7""E",(PH)Sungai Jerik,"['East', 'Estate', 'Writers Guild of America']"
99speedmart,convenience_store,99SpeedMart @(PH) Taman Awah Indah,"No: 14 & 15 (Ground Floor), Lorong Awah Indah 1, Taman Awah Indah, Kampung Awah, 28030 Temerloh, Pahang Darul Makmur.","3°29'27.9""N","102°31'50.0""E",(PH) Taman Awah Indah,"['East', 'Estate', 'Writers Guild of America']"
99speedmart,convenience_store,99SpeedMart @(PH) Taman Mentakab Indah,"No: 31 & 33 (Ground Floor), Jalan Mentakab Indah 1, Taman Mentakab Indah, 28400 Mentakab, Pahang Darul Makmur.","3°30'0.2""N","102°17'22.8""E",(PH) Taman Mentakab Indah,"['East', 'Estate', 'Writers Guild of America']"
99speedmart,convenience_store,99SpeedMart @(PH) BD Jengka Sejahtera,"No: 11 & 13 (Ground Floor), Jalan BDJS 1, Blok Dagangan Jengka Sejahtera, Bandar Tun Abdul Razak, 26400 Jengka, Pahang Darul Makmur.","3°46'4.0""N","102°33'30.6""E",(PH) BD Jengka Sejahtera,"['East', 'Estate', 'Writers Guild of America']"
99speedmart,convenience_store,99SpeedMart @(PH) Taman Kerdau Aman,"o: 19 & 21 (Ground Floor), Jalan Kerdau Aman 1, Taman Kerdau Aman, 28020 Kerdau, Pahang Darul Makmur.","3°34'34.4""N","102°22'1.8""E",(PH) Taman Kerdau Aman,"['East', 'Estate', 'Writers Guild of America']"
99speedmart,convenience_store,99SpeedMart @(PH) Taman Sri Makmur,"No: 11 & 12 (Ground Floor), Lorong SM 1, Taman Sri Makmur, 27000 Jerantut, Pahang Darul Makmur.","3°55'23.3""N","102°20'37.1""E",(PH) Taman Sri Makmur,"['East', 'Estate', 'Writers Guild of America']"
99speedmart,convenience_store,99SpeedMart @(PH) Taman Benta Jaya,"No 12 & 13 (Ground Floor), Taman Benta Jaya, 27300 Benta, Pahang Darul Makmur.","4°1'4.7""N","101°58'10.5""E",(PH) Taman Benta Jaya,"['East', 'Estate', 'Writers Guild of America']"
99speedmart,convenience_store,99SpeedMart @(PH) Taman Gohtong Jaya,"No: 16A & 17A (Ground Floor), Jalan Jati 1, Taman Gohtong Jaya, 69000 Genting Highlands, Pahang Darul Makmur.","3°23'49.3""N","101°46'1.7""E",(PH) Taman Gohtong Jaya,"['East', 'Estate', 'Writers Guild of America']"
99speedmart,convenience_store,99SpeedMart @(PH) Taman Damak Utama,"No: 12 & 12A (Ground Floor), Lorong DU 1, Taman Damak Utama, 27030 Damak, Pahang Darul Makmur.","3°56'55.4""N","102°13'1.5""E",(PH) Taman Damak Utama,"['East', 'Estate', 'Writers Guild of America']"
99speedmart,convenience_store,99SpeedMart @(PH) Peony Square,"No: 1-03, 1-03A, 1-20 & 1-21 (Ground Floor), Peony Square, 39010 Kuala Terla, Pahang Darul Makmur","4°32'44.8""N","101°25'10.1""E",(PH) Peony Square,"['East', 'Estate', 'Writers Guild of America']"
99speedmart,convenience_store,99SpeedMart @(PH) Taman Jadi,"No: 2 & 4 (Ground Floor), Jalan Jadi 4, Taman Jadi, 26820 Kuala Rompin, Pahang Darul Makmur.","2°39'54.2""N","103°36'53.2""E",(PH) Taman Jadi,"['East', 'Estate', 'Writers Guild of America']"
99speedmart,convenience_store,99SpeedMart @(PH) Desa Hijauan,"No: B-1 & B-3 (Ground Floor), Jalan Gambang Damai, Desa Hijauan, Bukit Gambang Resort City, 26300 Kuantan, Pahang Darul Makmur.","3°42'5.4""N","103°2'38.9""E",(PH) Desa Hijauan,"['East', 'Estate', 'Writers Guild of America']"
99speedmart,convenience_store,99SpeedMart @(PH) Taman Sempalit Permai,"No: 2 & 6 (Ground Floor), Jalan Sempalit Permai 5, Taman Sempalit Permai, 28400 Mentakab, Pahang Darul Makmur.","3°29'15.2""N","102°19'30.5""E",(PH) Taman Sempalit Permai,"['East', 'Estate', 'Writers Guild of America']"
99speedmart,convenience_store,99SpeedMart @(PH) Perumahan Makmur Fajar Jaya,"No: A25 & A27 (Ground Floor), Lorong Seri Fajar 1/1, Perumahan Makmur Fajar Jaya, KM 20, Jalan Kuantan-Gambang, 25150 Kuantan, Pahang Darul Makmur.","3°43'28.5""N","103°8'44.2""E",(PH) Perumahan Makmur Fajar Jaya,"['East', 'Estate', 'Writers Guild of America']"
99speedmart,convenience_store,99SpeedMart @(PH) Brinchang,"No: 4 (Ground Floor), Jalan Besar Brinchang, 39100 Brinchang, Pahang Darul Makmur.","4°29'29.7""N","101°23'10.3""E",(PH) Brinchang,"['East', 'Estate', 'Writers Guild of America']"
99speedmart,convenience_store,99SpeedMart @(PH) Taman Wawasan,"No: 10 (Ground Floor), Jalan Wawasan Maju 2, Taman Wawasan 2, 26820 Tanjung Gemok, Pahang Darul Makmur.","2°40'41.2""N","103°36'31.7""E",(PH) Taman Wawasan,"['East', 'Estate', 'Writers Guild of America']"
99speedmart,convenience_store,99SpeedMart @(PH)  Taman Akasia Indah,"No: 4 & 6 (Ground Floor), Jalan Akasia Indah 1, Taman Akasia Indah, 28200 Bandar Bera, Pahang Darul Makmur.","3°16'20.6""N","102°27'54.4""E",(PH)  Taman Akasia Indah,"['East', 'Estate', 'Writers Guild of America']"
99speedmart,convenience_store,99SpeedMart @(PH) Taman Chengal Indah,"No: 7 & 9 (Ground Floor), Jalan Chengal Indah 1, Taman Chengal Indah, 28200 Bandar Bera, Pahang Darul Makmur.","3°17'4.5""N","102°27'14.7""E",(PH) Taman Chengal Indah,"['East', 'Estate', 'Writers Guild of America']"
99speedmart,convenience_store,99SpeedMart @(PH) Medan Mewah,"No: MM 137 & MM 138 (Ground Floor), Jalan Medan Mewah 11, Medan Mewah, 26700 Muadzam Shah, Pahang Darul Makmur.","3°3'16.3""N","103°5'4.7""E",(PH) Medan Mewah,"['East', 'Estate', 'Writers Guild of America']"
99speedmart,convenience_store,99SpeedMart @(PH) Taman Perindustrian Temerloh,"No: 39 & 41 (Ground Floor), Jalan Dagang 1/1, Pusat Perdagangan Taman Perindustrian Temerloh, 28400 Mentakab, Pahang Darul Makmur.","3°27'20.2""N","102°20'59.3""E",(PH) Taman Perindustrian Temerloh,"['East', 'Estate', 'Writers Guild of America']"
99speedmart,convenience_store,99SpeedMart @(PH) Taman Pine,"No: 2 (Ground Floor), Jalan Pine 2, Taman Pine, 27000 Jerantut, Pahang Darul Makmur.","3°56'7.3""N","102°22'22.2""E",(PH) Taman Pine,"['East', 'Estate', 'Writers Guild of America']"
99speedmart,convenience_store,99SpeedMart @(PH) Bandar Baru Kuala Lipis,"No : K-19 (Ground Floor), Lorong BBKL 2/1/2, Bandar Baru Kuala Lipis, 27200 Kuala Lipis, Pahang Darul Makmur.","4°11'18.3""N","102°3'24.8""E",(PH) Bandar Baru Kuala Lipis,"['East', 'Estate', 'Writers Guild of America']"
99speedmart,convenience_store,99SpeedMart @(PH) Pusat Perniagaan Impian,"No : 11 & 12 (Ground Floor), Jalan Impian 1, Pusat Perniagaan Impian, 27200 Kuala Lipis, Pahang Darul Makmur.","4°9'56.6""N","102°1'50.1""E",(PH) Pusat Perniagaan Impian,"['East', 'Estate', 'Writers Guild of America']"
99speedmart,convenience_store,99SpeedMart @(PH) Taman Sri Muda,"No : 3 & 4 (Ground Floor), Lorong SM 1, Taman Sri Muda, 27000 Jerantut, Pahang Darul Makmur.","3°52'23.4""N","102°23'2.2""E",(PH) Taman Sri Muda,"['East', 'Estate', 'Writers Guild of America']"
99speedmart,convenience_store,99SpeedMart @(PH) Taman Seri Inderapura,"No : A1 (Ground Floor), Lorong Seri Inderapura 8, Taman Seri Inderapura, KM 15, Jalan Kuantan-Pekan, 25150 Kuantan, Pahang Darul Makmur.","3°45'4.1""N","103°15'35.6""E",(PH) Taman Seri Inderapura,"['East', 'Estate', 'Writers Guild of America']"
99speedmart,convenience_store,99SpeedMart @(PH) Jalan Mat Kilau,"No : B 34 & B 36 (Ground Floor), Jalan Mat Kilau, 25100 Kuantan, Pahang Darul Makmur.","3°48'9.3""N","103°19'5.9""E",(PH) Jalan Mat Kilau,"['East', 'Estate', 'Writers Guild of America']"
99speedmart,convenience_store,99SpeedMart @(PH) Perumahan Peramu Baru,"No : B6 (Ground Floor), Jalan Peramu Baru 1/1, Perumahan Peramu Baru, 26060 Kuantan, Pahang Darul Makmur.","3°47'24.6""N","103°19'43.5""E",(PH) Perumahan Peramu Baru,"['East', 'Estate', 'Writers Guild of America']"
99speedmart,convenience_store,99SpeedMart @(PH) Bandar Tun Razak,"No : 13 & 14 (Ground Floor), Kedai TDK, Pusat Bandar, Bandar Tun Razak, 26900 Bandar Tun Abdul Razak, Pahang Darul Makmur.","2°54'9.1""N","102°53'15.7""E",(PH) Bandar Tun Razak,"['East', 'Estate', 'Writers Guild of America']"
99speedmart,convenience_store,99SpeedMart @3074 -(PH) Seri Mahkota Damai,"No: A3 & A5 (Ground Floor), Jalan S.M.D 1, Seri Mahkota Damai, Perumahan Mahkota Aman 2, 26070 Kuantan, Pahang Darul Makmur.","3°44'21.0""N","103°10'27.5""E",3074 -(PH) Seri Mahkota Damai,"['East', 'Estate', 'Writers Guild of America']"
99speedmart,convenience_store,99SpeedMart @(PH) Taman Kolej,"No: P1 & P2 (Ground Floor), Jalan Kolej 1, Taman Kolej, 28700 Bentong, Pahang Darul Makmur.","3°29'11.8""N","101°54'49.9""E",(PH) Taman Kolej,"['East', 'Estate', 'Writers Guild of America']"
99speedmart,convenience_store,99SpeedMart @(PH) Bukit Rangin Perdana,"No : A21 & A23 (Ground Floor), Lorong Bukit Rangin Perdana 2/26, Perumahan Bukit Rangin Perdana 2, 25150 Kuantan, Pahang Darul Makmur.","3°48'14.6""N","103°15'5.1""E",(PH) Bukit Rangin Perdana,"['East', 'Estate', 'Writers Guild of America']"
99speedmart,convenience_store,99SpeedMart @(PH) Kampung Sungai Deraka,"No: B4 & B6 (Ground Floor), Lorong Kempadang 2/2, Kampung Sungai Deraka, Perumahan Kempadang 2, 26060 Kuantan, Pahang Darul Makmur.","3°46'0.7""N","103°18'38.7""E",(PH) Kampung Sungai Deraka,"['East', 'Estate', 'Writers Guild of America']"
99speedmart,convenience_store,99SpeedMart @(PH) Taman Seri Mahkota Aman,"No: A7 & A9 (Ground Floor), Lorong Seri Mahkota Aman 3/1,  Taman Seri Mahkota Aman, 26070 Kuantan, Pahang Darul Makmur.","3°45'1.6""N","103°11'24.2""E",(PH) Taman Seri Mahkota Aman,"['East', 'Estate', 'Writers Guild of America']"
99speedmart,convenience_store,99SpeedMart @(PH) Perumahan Makmur Inderapura Jaya,"No : B22 & B24 (Ground Floor), Lorong IPJ 1, Perumahan Makmur Inderapura Jaya, 25150 Kuantan, Pahang Darul Makmur.","3°43'30.5""N","103°16'12.1""E",(PH) Perumahan Makmur Inderapura Jaya,"['East', 'Estate', 'Writers Guild of America']"
99speedmart,convenience_store,99SpeedMart @(PH) Bandar Baru Rompin,"No: 25 & 26 (Ground Floor), Jalan Wawasan, Bandar Baru, 26800 Kuala Rompin, Pahang Darul Makmur.","2°47'53.7""N","103°28'58.5""E",(PH) Bandar Baru Rompin,"['East', 'Estate', 'Writers Guild of America']"
99speedmart,convenience_store,99SpeedMart @(PH) Taman Shahzan Indera Mahkota,"No: B20 & B22 (Ground Floor), Lorong Shahzan IM 3, Taman Shahzan Indera Mahkota, 25200 Kuantan, Pahang Darul Makmur.","3°49'7.6""N","103°16'58.3""E",(PH) Taman Shahzan Indera Mahkota,"['East', 'Estate', 'Writers Guild of America']"
99speedmart,convenience_store,99SpeedMart @(PH) Perumahan Tas Ria,"No: B16, B18 & B20 (Ground Floor), Jalan Tas Ria 2, Perumahan Tas Ria, 25150 Kuantan, Pahang Darul Makmur.","3°46'24.1""N","103°14'8.9""E",(PH) Perumahan Tas Ria,"['East', 'Estate', 'Writers Guild of America']"
99speedmart,convenience_store,99SpeedMart @(PH) Taman Cherating Indah,"No: A1 (Ground Floor), Jalan Cherating Indah 1, Taman Cherating Indah, 26080 Kuantan, Pahang Darul Makmur.","4°5'38.6""N","103°22'44.8""E",(PH) Taman Cherating Indah,"['East', 'Estate', 'Writers Guild of America']"
99speedmart,convenience_store,99SpeedMart @(PH) Jalan Beserah,"No: A-6726 (Ground Floor), Jalan Beserah, Perumahan Alur Akar, 25300 Bandar Kuantan, Pahang Darul Makmur.","3°49'41.0""N","103°20'17.5""E",(PH) Jalan Beserah,"['East', 'Estate', 'Writers Guild of America']"
99speedmart,convenience_store,99SpeedMart @(PH) Bandar Sri Semantan,"No: 16 & 18 (Ground Floor), Jalan Sudirman 4, Bandar Sri Semantan, 28000 Temerloh, Pahang Darul Makmur.","3°27'2.5""N","102°24'48.5""E",(PH) Bandar Sri Semantan,"['East', 'Estate', 'Writers Guild of America']"
99speedmart,convenience_store,99SpeedMart @(PH) Perniagaan Kechau Jaya,"No: 4 & 5 (Ground Floor), Kawasan Industri Kechau, Pusat Perniagaan Kechau Jaya, 27100 Padang Tengku, Pahang Darul Makmur.","4°16'0.4""N","101°57'42.6""E",(PH) Perniagaan Kechau Jaya,"['East', 'Estate', 'Writers Guild of America']"
99speedmart,convenience_store,99SpeedMart @(PH) Taman Puteri Indah,"No: 7 & 8 (Ground Floor), Jalan Puteri Indah Utama, Taman Puteri Indah, 26800 Kuala Rompin, Pahang Darul Makmur.","2°49'8.4""N","103°26'30.8""E",(PH) Taman Puteri Indah,"['East', 'Estate', 'Writers Guild of America']"
99speedmart,convenience_store,99SpeedMart @(PH) Taman Ubai Perdana,"No: 1 & 2 (Ground Floor), Jalan Ubai Perdana 1, Taman Ubai Perdana, 26610 Pekan, Pahang Darul Makmur.","3°36'20.0""N","103°19'30.6""E",(PH) Taman Ubai Perdana,"['East', 'Estate', 'Writers Guild of America']"
99speedmart,convenience_store,99SpeedMart @(PH) Taman Sri Sepakat,"No: 3 & 5 (Ground Floor), Jalan Sri Sepakat Utama, Taman Sri Sepakat, 26800 Kuala Rompin, Pahang Darul Makmur.","2°47'14.0""N","103°29'24.0""E",(PH) Taman Sri Sepakat,"['East', 'Estate', 'Writers Guild of America']"
99speedmart,convenience_store,99SpeedMart @(PH) Indera Sempurna,"No: A35 & A37 (Ground Floor), Lorong Indera Sempurna 103, Perkampungan Indera Sempurna, 25150 Kuantan, Pahang Darul Makmur.","3°44'13.3""N","103°15'46.2""E",(PH) Indera Sempurna,"['East', 'Estate', 'Writers Guild of America']"
99speedmart,convenience_store,99SpeedMart @(PH) Gambang,"No: 23 & 24 (Ground Floor), Jalan Besar, Gambang, 26300 Bandar Gambang, Pahang Darul Makmur.","3°42'23.4""N","103°5'51.2""E",(PH) Gambang,"['East', 'Estate', 'Writers Guild of America']"
99speedmart,convenience_store,99SpeedMart @3294-(PH) Taman Balok Makmur,"No: A3 & A5 (Ground Floor), Lorong Balok Makmur 1, Taman Balok Makmur, 26100 Kuantan, Pahang Darul Makmur.","3°57'51.8""N","103°22'51.3""E",3294-(PH) Taman Balok Makmur,"['East', 'Estate', 'Writers Guild of America']"
99speedmart,convenience_store,99SpeedMart @(PH) Chengal Lempung Aman,"No: B28 & B30  (Ground Floor), Lorong Chengal Lempung Aman 5, 26100 Kuantan, Pahang Darul Makmur.","3°55'12.4""N","103°21'46.9""E",(PH) Chengal Lempung Aman,"['East', 'Estate', 'Writers Guild of America']"
99speedmart,convenience_store,99SpeedMart @3304-(PH) Perumahan Kampung Padang Permai,"No: B28 & B30  (Ground Floor), Lorong Kampung Padang Permai 1, Perumahan Kampung Padang Permai, 25200 Kuantan, Pahang Darul Makmur.","3°51'32.4""N","103°15'5.4""E",3304-(PH) Perumahan Kampung Padang Permai,"['East', 'Estate', 'Writers Guild of America']"
99speedmart,convenience_store,99SpeedMart @(PH) Perumahan Balok Perdana,"No: A-47 & A-49  (Ground Floor), Lorong Balok Perdana 3/1, Perumahan Balok Perdana, 26100 Kuantan, Pahang Darul Makmur.","3°57'43.3""N","103°22'10.1""E",(PH) Perumahan Balok Perdana,"['East', 'Estate', 'Writers Guild of America']"
99speedmart,convenience_store,99SpeedMart @(PH) Jalan Haji Ahmad,"No: B88 & B90 (Ground Floor), Jalan Haji Ahmad, Perkampungan Sekilau, 25300 Kuantan, Pahang Darul Makmur.","3°49'56.8""N","103°19'31.8""E",(PH) Jalan Haji Ahmad,"['East', 'Estate', 'Writers Guild of America']"
