99speedmart,convenience_store,99SpeedMart @(SBH) Cyber Square,"No: A-3A & A-5 (G & 1st Floor),Block A,Cyber Square,Jalan Kepayan,88250 Kota Kinabalu,Sabah.",,,(SBH) Cyber Square,
99speedmart,convenience_store,99SpeedMart @(SBH) Api-Api Centre,"No: 3/G12 & 3/G13 (GF),Lorong Api-Api 2,Api-Api Centre,88000 Kota Kinabalu,Sabah.",,,(SBH) Api-Api Centre,
99speedmart,convenience_store,99SpeedMart @(SBH) Kepayan Point,"Lot No. 26 & 27, Block D, Ground Floor, Kepayan Point, Jalan Pintas, Off Jalan Penampang By-Pass, 88200 Penampang, Kota Kinabalu, Sabah.",5.926078,116.075255,(SBH) Kepayan Point,"['Palace Seafood Restaurant', 'Borneo Wild Hogs @ Kepayan Point', 'Vogs Authentic Sinalau Bakas 烧烤山猪肉']"
99speedmart,convenience_store,99SpeedMart @(SBH) Taman Nelly,"Lot 217 & 218, Ground Floor, Taman Nelly 9 (Phase 4), Jalan Nountun, Inanam, 88450 Kota Kinabalu, Sabah",5.979663,116.127473,(SBH) Taman Nelly,"['Nelly Plaza', 'E Delicious Eating House', 'Ashton Tower Condominium']"
99speedmart,convenience_store,99SpeedMart @(SBH) Telipok Ria,"Lot No: K-G-55 & Lot No: K-G-56, Wisma Telipok Ria Phase 2, Jalan Telipok Lama Tuaran, 89208 Tuaran, Sabah.",6.108061,116.206232,(SBH) Telipok Ria,"['Gmart', 'BorneoTribeMusic Production [Saliparjipun INC.]', 'Mawau S/B Tyre Service']"
99speedmart,convenience_store,99SpeedMart @(SBH) Tmn Sri Rugading,"Lot No. S4-0-32 & S4-0-33, Grd Floor, Lrg Rugading 3, Jalan Tuaran, Telipok, 89200 Tuaran, Sabah",6.11515,116.204242,(SBH) Tmn Sri Rugading,"['Petron', 'Restoran Sri Garuda', 'Restoran Mohamed']"
99speedmart,convenience_store,99SpeedMart @(SBH) D�Sulaman Square,"Lot No. 1 (Ground Floor), Wisma D�Sulaman Square, Jalan Sulaman, 88450 Kota Kinabalu, Sabah.",6.044125,116.14715,(SBH) D�Sulaman Square,"['Pet Paradise', ""Dominos Pizza D'sulaman""]"
99speedmart,convenience_store,99SpeedMart @(SBH) Lintas Plaza,"Lot No: 2-0 & 3-0, Block F, Lrg Lintas Plaza 4, Lintas Plaza, Luyang, 88300 Kota Kinabalu, Sabah.",5.945895,116.088516,(SBH) Lintas Plaza,"['Suria Snooker Centre Lintas', 'Pinnacle Pets Supply', 'Pet Lovers']"
99speedmart,convenience_store,99SpeedMart @(SBH) Menggatal Plaza,"Lot No: H-0-10 & H-0-11 (G), Block H, Lorong Permai 11, Menggatal Plaza Phase 2,  88450 Kota Kinabalu, Sabah.",6.021620,116.149546,(SBH) Menggatal Plaza,"['Dr. Mak Hl Dental Surgery', 'CKS Supermarket Menggatal', 'Menggatal Pet Centre']"
99speedmart,convenience_store,99SpeedMart @(SBH) Polytechnic Commercial Centre,"Lot No. 22, Block A-4, Ground Floor, Polytechnic Commercial Centre, Phase 1, Kota Kinabalu Industrial Park, Off Sulaman Highway 88460 Sabah.",6.093883,116.158038,(SBH) Polytechnic Commercial Centre,"['Gerai Istimewa Lokan', 'Restoran Selera Darul Naim']"
99speedmart,convenience_store,99SpeedMart @(SBH) Universiti Plaza,"Unit No. 31 & 32 (G), Block 3, Universiti Plaza, Jln  Sulaman, Menggatal, 88450 Kota Kinabalu, Sabah.",6.043207,116.147749,(SBH) Universiti Plaza,"['Harun Curry House', 'Restoran Hameed Catering & Curry House UA', 'Warisan Sitaning Cafe']"
99speedmart,convenience_store,99SpeedMart @(SBH) Inanam Business Centre,"Lot No.60 & 61 (Ground Floor), Block H, Inanam Business Centre, Batu 6, Jalan Tuaran, 88450 Kota Kinabalu, Sabah",5.993969,116.129348,(SBH) Inanam Business Centre,"['Wan Malaysia Cafe', 'Jabatan Pendaftaran Negara', 'Inanam Business Centre']"
99speedmart,convenience_store,99SpeedMart @(SBH) Fortuna Centre,"Lot No. 7, Ground Floor, Block D2, Lorong Seroja 2, Taman Fortuna Commercial Centre, Off Jalan Penampang, 88200 Kota Kinabalu, Sabah.",5.952706,116.07838,(SBH) Fortuna Centre,"['Malaysia Curry House', 'Synergist Physiotherapy', 'CLINIC DR.TAN KOK SUI']"
99speedmart,convenience_store,99SpeedMart @(SBH) Lok Kawi Galleria,"Lot No. 5, Ground Floor, Lok Kawi Galleria Commercial Centre Lok Kawi Height, Jln Pengalat Lok Kawi, 88200 Kota Kinabalu, Sabah.",5.834157,116.044049,(SBH) Lok Kawi Galleria,"['Restoran Maimunah', 'Sahana Food Corner', 'Standard Supermarket']"
99speedmart,convenience_store,99SpeedMart @(SBH) Menggatal Town,"No. 29, Lot 1, Ground Floor, Block D, Menggatal Township, Jln Tuaran, 88450 Kota Kinabalu, Sabah.",6.025693,116.15614,(SBH) Menggatal Town,"['Ramai Jaya', 'Kedai Kopi Soon Hing 顺兴茶店']"
99speedmart,convenience_store,99SpeedMart @(SBH) Taman Suria,"Lot 4 & 5 (G), Block SH4, Taman Suria Shop Apartment, Phase 2, 88300 Penampang, Sabah.",5.922661,116.098432,(SBH) Taman Suria,"['Be-in Saloon 2', 'Yu Sang Supermarket', 'Restoran Sri Farihah']"
99speedmart,convenience_store,99SpeedMart @(SBH) Kingfisher Plaza,"No. 22-0 Lot 123, No. 20-0 & 124 (G), Lrg Plaza Kingfisher 5, Kingfisher Plaza Phase B, 88400 Kota Kinabalu, Sabah.",6.017191,116.121917,(SBH) Kingfisher Plaza,"['Restoran Sri Juara', 'Nasi Ayam Juara']"
99speedmart,convenience_store,99SpeedMart @(SBH) Taman Pasir Putih,"Lot 299 & 300, Taman Pasir Putih Phase 4, Putatan, 88200 Kota Kinabalu, Sabah.",5.897836,116.039226,(SBH) Taman Pasir Putih,"[""Selera Utara Mail D'Putih"", 'Tugu Enterprise']"
99speedmart,convenience_store,99SpeedMart @(SBH) Country Height Plaza,"No.26 & 27 (G), Country Height Plaza, Phase 1, Jalan Bantayan, Inanam, 88450 Kota Kinabalu, Sabah.",5.945876,116.122217,(SBH) Country Height Plaza,"['SIB Immanuel 以马内利', '6 Eleven Mini Market']"
99speedmart,convenience_store,99SpeedMart @(SBH) Tamparuli Town,"Lot G1 & G2, Wisma Ting Hui, Pekan Tamparuli, Jln Tamparuli, 89250 Tamparuli, Sabah.",6.135054,116.269297,(SBH) Tamparuli Town,"['Tamu Tamparuli', 'Kedai Kopi Sri Munawarah', 'Restoran Jambatan Tamparuli']"
99speedmart,convenience_store,99SpeedMart @(SBH) Taman Ketiau,"Lot No: 3 & 4, Block A, Ground Floor, Tmn Ketiau, Phase 1, Kampung Tombovo 88200 Penampang, Sabah",,,(SBH) Taman Ketiau,
99speedmart,convenience_store,99SpeedMart @(SBH) Rose Garden Plaza,"Lot No. S4 & S5, Ground Floor, Rose Garden Plaza, Jalan Kinarut, 88600 Kinarut, Sabah.",5.827224,116.040926,(SBH) Rose Garden Plaza,"['Rose Garden Plaza', 'Sri Keningau']"
99speedmart,convenience_store,99SpeedMart @(SBH) Berungis Commercial Centre,"Lot 4&5, Ground Floor, Berungis Commercial Centre, Jalan Tuaran, 89200 Tuaran, Sabah.",6.147280,116.221341,(SBH) Berungis Commercial Centre,"['Klinik Haiwan & Surgeri Tuaran', 'Muzium Lotud Borneo (Borneo Lotud Museum)', 'Klinik Desa Bolong']"
99speedmart,convenience_store,99SpeedMart @(SBH) KBCC,"Lot No. 7 & 8, Ground Floor, Kota Belud Commercial Centre, 89150 Kota Belud, Sabah.",6.357958,116.428891,(SBH) KBCC,"['Kris Maju Restaurant', 'Tasha Maju Iceblend', 'Restoran Mayang Sari']"
99speedmart,convenience_store,99SpeedMart @(SBH) Kobusak Commercial Centre,"Lot No. 30 & 31, Ground Floor, Block D, Plaza 333, Kobusak Commercial Centre, Jln Pintas, Penampang, 88200, Kota Kinabalu, Sabah",5.924471,116.077661,(SBH) Kobusak Commercial Centre,"['Jin Yin Hao 好仁真', 'Active Music Audio & Electrical', 'Teck Kee Restaurant']"
99speedmart,convenience_store,99SpeedMart @(SBH) T-Junction Business Centre,"Lot 7 & 8, Phase 2, Km 33, Kg. Dungun, T-Junction Business Centre, P.O Box 68, Jalan Kota Kinabalu � Kota Belud, 89207 Tuaran, Sabah.",6.171818,116.219710,(SBH) T-Junction Business Centre,"['BROTHERHOOD Cafe & Steamboat', ""D'Bundle Mania"", 'Liang Furniture']"
99speedmart,convenience_store,99SpeedMart @(SBH) Kampung Batangan,"Lot 3 & 4, Ground Floor, Kg. Batangan 3-Storey Shoplot, Jalan Bolong, 89200 Tuaran, Sabah.",6.180233,116.225615,(SBH) Kampung Batangan,"['Pejabat Pelajaran Daerah Tuaran', 'SKPK Pekan Tuaran (Pendidikan Khas)', 'MJ 23 Car Wash']"
99speedmart,convenience_store,99SpeedMart @(SBH) Taman Indah Permai,"Lot No. 9 & 10, Ground Floor, The Urban Mini Mall, Taman Indah Permai, Jalan Sepanggar, Menggatal, 88450 Kota Kinabalu, Sabah.",6.061407,116.149546,(SBH) Taman Indah Permai,"['Restoran New Mui Hiong', 'Permai Polyclinics', 'Dhazli Curry House']"
99speedmart,convenience_store,99SpeedMart @(SBH) Bandaran Berjaya,"Lot 55, No. 2, Tingkat Bawah, Bandaran Berjaya, Jln Padang Kota Kinabalu, 88000 Kota Kinabalu, Sabah.",5.977086,116.075887,(SBH) Bandaran Berjaya,"['Bandaran', 'Sri Maimunah Curry House', 'Grill Patio Bandaran']"
99speedmart,convenience_store,99SpeedMart @(SBH) Taman Jumbo,"Lot 6 & 7, Tingkat Bawah, Rumah Kedai Taman Jumbo, Jln Putatan Petagas, 88200 Kota Kinabalu, Sabah.",5.914136,116.050586,(SBH) Taman Jumbo,"['Farmasi Petagas', ""Joy's Saloon"", 'LV Hair Beauty Salon']"
99speedmart,convenience_store,99SpeedMart @(SBH) Taman Putera Jaya,"Lot 5 & 6, Ground Floor, Block H, Taman Putera Jaya, Telipok, Jalan Tuaran, 88450 Kota Kinabalu, Sabah",6.077281,116.187698,(SBH) Taman Putera Jaya,"['Klinik 1Malaysia', 'Ori Thai Tom Yam', 'Restoran Manissah']"
99speedmart,convenience_store,99SpeedMart @(SBH) Asia City,"Lot 69 & 70, Ground Floor, Block H, Asia City 88000 Kota Kinabalu,Sabah",5.976656,116.072467,(SBH) Asia City,"['Selera Cik Siti Wan Kembang & Katering', 'Borenos Fried Chicken', 'Watsons']"
99speedmart,convenience_store,99SpeedMart @(SBH) Inanam Town,"13-0 & 14-0 (Ground Floor), Lorong Inanam Plaza, Inanam Newtown     Ship, Phase 3 Lot 1, Jalan Tuaran, 88450 Kota Kinabalu, Sabah.",05.992828,116.135664,(SBH) Inanam Town,"['Merchantrade Asia SDN BHD', 'Multibake Bakery', 'Innolink Pharmacy']"
99speedmart,convenience_store,99SpeedMart @(SBH) Sabindo Lok Kawi,"Lot No 4, Tkt Bwh, Rumah Kedai, Taman Lok Kawi, Jalan Papar Lok Kawi, 89600 Papar, Sabah.",05.838894,116.042781,(SBH) Sabindo Lok Kawi,"['Kedai Kopi Bao Jin', 'Restaurant 888']"
99speedmart,convenience_store,99SpeedMart @(SBH) Langkon Commercial Centre,"Lot No 16, Ground Floor, Langkon Commercial Centre, Jalan Kota Belud-Kudat, 89108 Kota Maruda, Sabah",06.535293,116.709247,(SBH) Langkon Commercial Centre,"['Kiaburi Chicken Rice Langkon', 'Restoran Sri Marudu', 'KARTINI Restaurant And Catering']"
99speedmart,convenience_store,99SpeedMart @(SBH) Kota Marudu Town,"Lot 5 & 6, Tingkat Bawah, Kampung Kampak Shop Houses, Jalan Pekan Baru, 89100 Kota Marudu, Sabah.",06.494828,116.768138,(SBH) Kota Marudu Town,"['Season Inn II', 'Hotel Season 2', 'Bank Simpanan Nasional (BSN)']"
99speedmart,convenience_store,99SpeedMart @(SBH) 1 Borneo,"G-923 & 925, Ground Floor, Auto City, 1- Borneo Hypermall, Jalan Sulaman, 88450 Kota Kinabalu, Sabah.",06.036293,116.128689,(SBH) 1 Borneo,"['7-Eleven', '金糖 Gam Tong Hong Kong Recipe', 'Hong Kong Recipe']"
99speedmart,convenience_store,99SpeedMart @(SBH) Kimanis Centro,"Lot 11, Ground Floor, Kimanis Centro, Kimanis, 89600 Papar, Sabah.",05.632914,115.897586,(SBH) Kimanis Centro,"['Keningau Ngau Chap (HAFEEZ CAFE)', 'Servay Express Kimanis']"
99speedmart,convenience_store,99SpeedMart @(SBH) Taman Bunga Raja,"Lot No 3, Ground Floor, Bunga Raja Shopping Complex, Jalan Bunga Ulam Raja Outer Ring Road, Inanam, 88300 Kota Kinabalu, Sabah",05.968110,116.107485,(SBH) Taman Bunga Raja,"['Leadshine Sdn Bhd', 'Choiz Food Store', 'Monavie Stockist Iramanis']"
99speedmart,convenience_store,99SpeedMart @(SBH) Putra Square,"Lot 10 & 11, Tkt Bwh, Putra Square, Phase 1, Jln Putatan, 88200 Kota Kinabalu, Sabah.",05.897672,116.049955,(SBH) Putra Square,"['Restaurant Malaysia', 'Nisha Curry House', 'Digital Wise']"
99speedmart,convenience_store,99SpeedMart @(SBH) Dah Yeh Villa,"No: 46 & 59, Ground Floor, Dah Yeh Villa, Jalan Purun, 88300 Kota Kinabalu, Sabah.",05.972120,116.095773,(SBH) Dah Yeh Villa,"['Syarikat Kyun Oi 群愛公司', 'Kopiboy 家億咖啡室', 'Kedai Kopi Jeng Guang']"
99speedmart,convenience_store,99SpeedMart @(SBH) Kota Belud Plaza,"Lot 1 & 2, Ground Floor, Blok A, Kota Belud Township, Kota Belud Plaza, 89157 Kota Belud, Sabah.",06.355088,116.427721,(SBH) Kota Belud Plaza,"['Gui Brother Trading', 'Golden Dragon City (Sabah) Sdn. Bhd', 'One Stop Superstore']"
99speedmart,convenience_store,99SpeedMart @(SBH) Bandar Sierra,"Lot A-3 & A-3A, Type l, Ground Floor, Sierra Biz hub, Jalan Tuaran, 88450 Kota Kinabalu, Sabah.",06.062949,116.181444,(SBH) Bandar Sierra,"['ApaKhabar Kafé', 'Bujang 3 Barbershop Studio', 'Jamal Salim Curry House & Catering']"
99speedmart,convenience_store,99SpeedMart @(SBH) Taman Pengalat Besar,"Lot No 16 & 17, Phase 6, Ground Floor, Taman Pengalat Besar, Jalan Pengalat Lok Kawi, 89600 Papar, Sabah.",05.751998,115.961627,(SBH) Taman Pengalat Besar,"['PEACEWAYS Tyres Services', 'SK Pengalat Besar', 'Patu Motorworks']"
99speedmart,convenience_store,99SpeedMart @(SBH) Membakut,"Lot No 1 & 2, Ground Floor, Wisma SQS 2 Membakut, P.O. Box 11031, KM 19 Beaufort- Papar Highway, Membakut, 88811 Beaufort, Sabah.",05.476522,115.,(SBH) Membakut,['newplace']
99speedmart,convenience_store,99SpeedMart @(SBH) 1 Beaufort,"Lot No. 105 & 106, Ground Floor, Block N, 1 Beaufort Commercial Centre, Phase 2, Jalan Papar - Sipitang, 89807 Beaufort, Sabah.",05.343911,115.734906,(SBH) 1 Beaufort,"['1 Beaufort Commercial Centre', 'MR D.I.Y. Beaufort']"
99speedmart,convenience_store,99SpeedMart @(SBH) La Gloxinia,"Lot No. 4 & 5, Ground Floor, Blk B, La Gloxinia Avenue, Phase IIB, Kinarut South, 88600 Papar, Sabah.",05.807015,116.017930,(SBH) La Gloxinia,['newplace']
99speedmart,convenience_store,99SpeedMart @(SBH)Tmn Canggih,"S1 & S2, Ground Floor, Taman Canggih Commercial Centre, Tuaran Bypass Road, 88450 Kota Kinabalu, Sabah.",06.017095,116.138928,(SBH)Tmn Canggih,"['Silverstone Pusat Servis Tayar', 'Farmasi Klinik Pakar', 'Azalea Concept']"
99speedmart,convenience_store,99SpeedMart @(SBH)Wisma Hidayat Ranau,"Lot G-3 & G-4, Wisma Hidayat, KM 2, Taman Dahlia, Kampung Lasing, Jalan Ranau- Sandakan, 89308 Ranau, Sabah.",05.966607,116.678222,(SBH)Wisma Hidayat Ranau,"['Moonlight Restaurant', 'Wisma Hidayat']"
99speedmart,convenience_store,99SpeedMart @(SBH)Karamunsing BDC,"Lot No 42, Karamunsing Go Down, Jalan Belia, 88100 Kota Kinabalu, Sabah.",05.965866,116.071810,(SBH)Karamunsing BDC,"['Wisma KFC Sabah', 'Stesen Keretapi Tanjung Aru', 'Proton Edar Service Centre']"
99speedmart,convenience_store,99SpeedMart @(SBH) Bandar Penampang,"Lot No. 10 & 11, Block 28, Bandar Penampang Phase 2A, Penampang, Sabah.",05.92804,116.08761,(SBH) Bandar Penampang,"['2020 Car Accessories', 'ClubMix Pub & Lounge', ""Zul Vaper's Corner""]"
99speedmart,convenience_store,99SpeedMart @(SBH) Tenghilan Town,"Lot 5 & 6, Jalan Tuaran - Kota Belud, Pekan Tenghilan, 89260 Tenghilan, Sabah.",06.257821,116.336715,(SBH) Tenghilan Town,"['Tenghilan Town', 'Tamu Tenghilan', 'SMK Tenghilan']"
99speedmart,convenience_store,99SpeedMart @(SBH) Bongawan Plaza,"Ground Floor Lot 1 & 2, Block C Bongawan Plaza, 89700 Bongawan, Sabah.",05.537667,115.854168,(SBH) Bongawan Plaza,"['Restoran Sri Jawa', 'Tamu Bongawan', 'Restoran Sri Bongawan']"
99speedmart,convenience_store,99SpeedMart @(SBH) Taman Maang,"Ground Floor, Lot 1 & 2, Semi detached shop/office, Taman Maang Apartment 1, District of Penampang, 89500 Penampang, Sabah.",05.861076,116.083054,(SBH) Taman Maang,"['Kg Maang Penampang', 'Kampung Maang']"
99speedmart,convenience_store,99SpeedMart @(SBH) Kiaburi Plaza,"Ground Floor Lot No. N4 & N5, Kiaburi Plaza, Jalan Tambunan Ranau, 89308 Ranau, Sabah.",05.944285,116.664301,(SBH) Kiaburi Plaza,"[""Sa'fa Cafe Kiaburi"", 'MZ Burger & Cafe', 'Family Kbox']"
99speedmart,convenience_store,99SpeedMart @(SBH) Sri Alam Perdana,"Lot No. 11-0 & 12-0, Ground Floor, Block B, Sri Alam Perdana Commercial Center, 89600 Papar, Sabah.",05.730559,115.927787,(SBH) Sri Alam Perdana,"['SJK(c) ST JOSEPH PAPAR', 'SMK St Joseph']"
99speedmart,convenience_store,99SpeedMart @(SBH) Bandar Emas Industri,"Lot No.9 & 10, Jalan Papar-Sipitang, Bandar Emas Industri, 89807 Beaufort, Sabah.",5.353395,115.728893,(SBH) Bandar Emas Industri,"['Coop Mart', 'Luie Thart Car Accessories', 'Ayam Segar Yusla']"
99speedmart,convenience_store,99SpeedMart @(SBH) Benoni Commercial Centre,"Lot 11 & 12, Block A1, Ground Floor, Jalan Papar Baru, Benoni Commercial Center, 89600 Papar, Sabah.",,,(SBH) Benoni Commercial Centre,
99speedmart,convenience_store,99SpeedMart @(SBH) Taman Limauan,"Lot 11 & 12, Ground Floor, Jalan Limauan, Limauan Square, Kinarut South, 88600 Kinarut Papar, Sabah.",05.816159,116.031390,(SBH) Taman Limauan,['newplace']
99speedmart,convenience_store,99SpeedMart @(SBH) 1 Sipitang,"Lot No.13 & 14, Block B, 1 Sipitang, 89850 Sipitang, Sabah.",05.079038,115.550159,(SBH) 1 Sipitang,"['Sipitang Laundry', 'Sipitang Esplanade', 'Dewan Serbaguna Sipitang']"
99speedmart,convenience_store,99SpeedMart @(SBH) Tambunan Town,"Lot No. 4 & 5, Block F, Tambunan New Township, Phase IV, 89650 Tambunan, Sabah.",05.669629,116.364852,(SBH) Tambunan Town,"['Sunflower Restaurant', 'Bank Simpanan Nasional (BSN)', 'Restoran 3-J']"
99speedmart,convenience_store,99SpeedMart @(SBH) Friendly Town,"Lot J-9-0 & J-10-0, Block J, Lorong Friendly Town-3A, 89058 Kudat, Sabah.",6.908591,116.847185,(SBH) Friendly Town,"['Ss Bistro', 'Friendly Hotel', 'Bistro Danau Indah']"
99speedmart,convenience_store,99SpeedMart @(SBH) Taman Seri Awana,"Lot No. 2 & 3, Ground Floor, Intermediate Shoplot, Taman Seri Awana, 89058 Kudat, Sabah.",6.917026,116.833416,(SBH) Taman Seri Awana,"['Medan Star', 'Jaya Murni Supermarket']"
99speedmart,convenience_store,99SpeedMart @(SBH) 1 Plaza,"Lot No. A3A & A3,Type A2 & A3, One Plaza, 89000 Keningau, Sabah.",5.371106,116.183724,(SBH) 1 Plaza,"['S Mart', 'New Toboh Corner', 'Sek Keb Luagan Keningau']"
99speedmart,convenience_store,99SpeedMart @(SBH) Akong Light Industries,"Lot No.S9 & S10 (Ground Floor) Akong Light Industries, Jalan Tenom-Keningau, 89000 Keningau Sabah.",,,(SBH) Akong Light Industries,
99speedmart,convenience_store,99SpeedMart @(SBH) Adika Commercial Complex,"Lot No.62 & 63, Ground Floor, Adika Commercial Complex, Jalan Semarak, 89000 Keningau, Sabah.",5.336174,116.150469,(SBH) Adika Commercial Complex,"['Hotel Central II', 'Kedai Kopi Ah Fui', 'Anggerik Boutique Hotel']"
99speedmart,convenience_store,99SpeedMart @(SBH) Tenom Town,"Lot No.7 & 8, Ground Floor, Tenom Commercial Centre, Phase 2, Jalan Tenom Kemabong, 89907 Tenom, Sabah.",,,(SBH) Tenom Town,
99speedmart,convenience_store,99SpeedMart @(SBH) Beaufort Town,"Lot 6 & 7, Lo Chung Park, Jalan Padas Empat, 89800 Beaufort, Sabah.",5.346325,115.745380,(SBH) Beaufort Town,"['Chief Baker Cake House', 'Terminal Bas Daerah Beaufort', 'Restoran Al-madinah']"
99speedmart,convenience_store,99SpeedMart @(SBH) Sikuati,"21 � KM Jalan Atas, Kampung Sikuati 89058, Kudat, Sabah.",6.887502,116.707927,(SBH) Sikuati,"['Restoran Sri Menanti', 'newplace']"
99speedmart,convenience_store,99SpeedMart @(SBH) UUS,"SD-7 & SD-8, Ground Floor, University Utama Square, Jalan Kayu Madang,Telipok,88450 Kota Kinabalu, Sabah.",6.090491,116.184579,(SBH) UUS,"['Restoran Anfiya Maju - Uuc', 'Harun Curry House']"
99speedmart,convenience_store,99SpeedMart @(SBH) Tamparuli Point,"Lot 12 & 13, Block B, Ground Floor, Tamparuli Point, 89250 Tuaran, Sabah.",6.141265,116.272643,(SBH) Tamparuli Point,"['Bukit Ruhiang View Food Court', 'Choice Recipe Restaurant']"
99speedmart,convenience_store,99SpeedMart @(SBH) Permata Wawasan Matupang,"Sedco Shophouses, Lot 3 & 4, Ground Floor, Kg Matupang, Jalan Ranau - Telupid, 89307 Ranau, Sabah.",05.798141,116.818893,(SBH) Permata Wawasan Matupang,"['Restoran Semarak', 'newplace']"
99speedmart,convenience_store,99SpeedMart @17617- (SBH) Market 88,"Lot 1 & 2 Ground Floor, Block F, Lorong Pusat Komersil 881/1, 88 MarketPlace, Jalan Pintas, 88300 Kota Kinabalu, Sabah.",5.940082,116.070217,17617- (SBH) Market 88,"['Restoran Tain Siang Treasure Bowl 天香回味', 'The Cap City Kota Kinabalu', 'Dr.Ko Skin Specialist Centre']"
99speedmart,convenience_store,99SpeedMart @(SBH) Sipitang Town,"Lot No. 3 & 4, Block A, LPPB, Phase 3, Lorong Durian, 89850 Sipitang, Sabah.",5.075392,115.549492,(SBH) Sipitang Town,"['Restoran Hap Guan', 'Kedai Kopi Mas Jaya', 'Kopi Choi Sing']"
99speedmart,convenience_store,99SpeedMart @(SBH) Sindumin Town,"Lot 10 & 11, Bangunan Kedai Sosio Ekonomi Sedco, Pekan Baru Sindumin, Jalan Tun Hussien Onn, 89850 Sindumin, Sabah.",4.962103,115.506745,(SBH) Sindumin Town,"['Klinik Kesihatan Sindumin', 'R&R Sindumin']"
99speedmart,convenience_store,99SpeedMart @(SBH) Beverly Hills,"Lot 1, Ground Floor, Block E, Bundusan Plaza, Jalan Bundusan, 89500 Penampang, Sabah.",5.936974,116.101443,(SBH) Beverly Hills,"['CleanPro Express Laundry', 'SK2', 'True Image Studio']"
99speedmart,convenience_store,99SpeedMart @(SBH) Mesapol Town,"TL 18, Jalan Pekan Mesapol, Sipitang, P.O.Box 18, 89857, Sipitang, Sabah.",05.110349,115.58946,(SBH) Mesapol Town,"['1 Malaysia Mini Market', 'Kedai Makan Dan Minuman Roshan', 'SJK (C) Chung Hwa Mesapol']"
99speedmart,convenience_store,99SpeedMart @(SBH) Taman Fulliwa,"Lot 15 & 16, Taman Fulliwa Fasa 1, Mile 11, Jalan Tuaran, Pos Mini Indah Permai, Peti Surat 272, 88450 Kota Kinabalu, Sabah.",6.052659,116.169174,(SBH) Taman Fulliwa,"['Kg Tebobon', 'Masjid Al Falah Tebobon', 'Kudat Hardware']"
99speedmart,convenience_store,99SpeedMart @(SBH) FCA Terawi,"Lot 2, 3 & 4, Ground Floor, FCA Building, Jalan Terawi, Putatan, 89500 Penampang, Sabah.",5.900287,116.071577,(SBH) FCA Terawi,"['Outskirts', 'Holy Nativity Terawi Church']"
99speedmart,convenience_store,99SpeedMart @(SBH) Kampung Laya-Laya,"Jalan Sulaman, Kampung Lok Batik, 89208 Tuaran, Sabah.",,,(SBH) Kampung Laya-Laya,
99speedmart,convenience_store,99SpeedMart @(SBH) Kampung Limbawang,"Kg Limbawang, Jalan Beaufort - Menumbok, 89800 Beaufort, Sabah.",5.367336,115.701182,(SBH) Kampung Limbawang,"['Serambi Halung Bawang Kg Limbawang', 'newplace']"
99speedmart,convenience_store,99SpeedMart @(SBH) Plaza CKS,"Lot 6 & 7 (Ground Floor), Block A (Intermediate), Plaza CKS Tuaran, Kg.Tutoh, Jalan Tuaran Kota Belud, 89207 Tuaran, Sabah.",6.188094,116.227135,(SBH) Plaza CKS,"['Bake With Yen', ""Domino's Plaza Cks"", 'Hk Seafood Restaurant Plaza Cks Tuaran']"
99speedmart,convenience_store,99SpeedMart @(SBH) Kampung Bahang,"Lot No.3 & A, Kampung Bahang, Jalan Hungab, Penampang, 88300 Kota Kinabalu, Sabah.",5.915227,116.090810,(SBH) Kampung Bahang,"['Kedai Runcit LKF', 'Kedai Runcit JF', 'Golden Buffalo Enterprise']"
99speedmart,convenience_store,99SpeedMart @(SBH) Kampung Likas,"Lot 71, Kampung Likas NT7947, Jalan Haiwan, 88450 Kota Kinabalu, Sabah.",,,(SBH) Kampung Likas,
99speedmart,convenience_store,99SpeedMart @(SBH) Kampung Kawang,"Kedai Sedco, Lot 3 & 4, Kg Kawang, Jalan Papar Lama, 89600 Papar, Sabah.",5.772214,116.024125,(SBH) Kampung Kawang,"['Masjid Nurul Iman', 'Stesen Keretapi Kawang', 'SK Kawang']"
99speedmart,convenience_store,99SpeedMart @(SBH) Bandar Putra,"Lot No.264, Block Row AK, Bandar Putra, Jalan Tuaran, 88450 Kota Kinabalu, Sabah.",6.056190,116.175546,(SBH) Bandar Putra,"['Dataware Sdn Bhd (KK Region Office)', 'Masjid IAB', 'Masjid TM']"
99speedmart,convenience_store,99SpeedMart @(SBH) Kampung Lohan,"Lot C & D, Kampung Lohan 1, Peti Surat 591, Jalan Lohan Bongkud, 89308 Ranau, Sabah.",6.007785,116.732010,(SBH) Kampung Lohan,"['Lohan Rest House', 'Damai Eco Ranch']"
99speedmart,convenience_store,99SpeedMart @(SBH) Taman Cantek,"Lot 2-0 & 3-0, Ground Floor, Taman Cantek Shoplot, Lorong Rampai, 88200 Kota Kinabalu, Sabah.",5.941223,116.078613,(SBH) Taman Cantek,"['Kedai Kopi K.S', 'Kedai Kopi LY', '坤成 Taman Cantik']"
99speedmart,convenience_store,99SpeedMart @(SBH) Sri Sipitang,"NT.1844, Batu 1 Jalan Mesapol, 89850 Sipitang, Sabah.",5.095994,115.562551,(SBH) Sri Sipitang,"['Kaka Motel', 'Siti Car Wash']"
99speedmart,convenience_store,99SpeedMart @(SBH) Taman BDC,"Ground Floor, Lot 14 & 15, Taman BDC, Lorong Pokok Resam A, 88300 Kota Kinabalu, Sabah.",5.968110,116.107485,(SBH) Taman BDC,"['Leadshine Sdn Bhd', 'Choiz Food Store', 'Monavie Stockist Iramanis']"
99speedmart,convenience_store,99SpeedMart @(SBH) Taman Seri Kionsom,"Lot No 2 & 3 (Ground Floor), Taman Seri Kionsom, Jalan Kionsom, 88450 Kota Kinabalu, Sabah.",5.979874,116.166046,(SBH) Taman Seri Kionsom,"['Kiansom Engineering', 'Kg Pomotodon', 'SK Pomotodon']"
99speedmart,convenience_store,99SpeedMart @(SBH) Taman Ten San,"Lot No 2 & 3 (Ground Floor), Taman Ten San, Jalan Tenom-Sapong, 89900 Tenom, Sabah.",5.110198,115.940104,(SBH) Taman Ten San,['newplace']
99speedmart,convenience_store,99SpeedMart @(SBH) Kampung Sembirai,"NT No. 6571, Jalan Kota Belud Bypass, Peti Surat 101, 89158 Kota Belud, Sabah.",6.371074,116.410812,(SBH) Kampung Sembirai,"['Restoran Warisan Bonda', 'Wisma Arked Print', 'Lim Trading']"
99speedmart,convenience_store,99SpeedMart @(SBH) Apin-apin,"Native Title No.133054636, Apin-Apin, Jalan Tambunan-Keningau, 89000 Keningau, Sabah.",,,(SBH) Apin-apin,
99speedmart,convenience_store,99SpeedMart @(SBH) Taman Vista Kiranau,"Lot 6 & 7, Ground Floor, Block H, Taman Vista Seri Kiranau, Jalan Kibambangan, 89500 Penampang, Sabah",5.909450,116.126143,(SBH) Taman Vista Kiranau,"['Kedai Kopi Tian Tian Lai', 'Agut Jubili Lighthouse', 'Mee Sup Pipin']"
99speedmart,convenience_store,99SpeedMart @(SBH) Plaza Kivatu,"Lot 27 & 28, Plaza Kivatu, Kampung Tuavon, Jalan Penampang-Tambunan, 89500 Penampang, Sabah",5.914539,116.120010,(SBH) Plaza Kivatu,"['Plaza Kivatu', 'Servay Express']"
99speedmart,convenience_store,99SpeedMart @(SBH) Kampung Tombotuon,"NT. 143022584, Kampung Tombotuon, Jalan Ranau-Tambunan, 89650 Tambunan, Sabah",,,(SBH) Kampung Tombotuon,
99speedmart,convenience_store,99SpeedMart @(SBH) Kampung Kikansa,"NT 554, Kampung Ki Kansa, Jalan Kuala Penyu Tamu Kayul, 89740 Kuala Penyu, Sabah.",5.500452,115.558587,(SBH) Kampung Kikansa,"['SMK Kuala Penyu', 'newplace']"
99speedmart,convenience_store,99SpeedMart @(SBH) Matunggong Kudat,"Lot 1 & 2, Kampung Sumangkap, Jalan Sapi-Nangoh, KM 42, 89050 Kudat, Sabah",6.753170,116.716181,(SBH) Matunggong Kudat,"['Pekan Baru Matunggong', 'Tapak Tamu Matunggong', 'Dewan Serbaguna Pekan Baru Matunggong']"
99speedmart,convenience_store,99SpeedMart @(SBH) Taman Bakti Ikhlas,"Lot 2 & 3, Ground Floor, Taman Ikhlas Bakti Ph 3, Off Jalan Tuaran By-Pass, 88450 Kota Kinabalu, Sabah, Malaysia",6.015523,116.134795,(SBH) Taman Bakti Ikhlas,"['Mesra Coin Laundry', 'Masjid Taman Bakti Ikhlas', 'Masjid Muhajirin']"
99speedmart,convenience_store,99SpeedMart @(SBH) Wisma Damai,"Parcel No: 7, Block No 7, Ground Floor, Wisma Damai, 88300 Luyang, Kota Kinabalu, Sabah.",5.964442,116.090158,(SBH) Wisma Damai,"['Borneo Korean', 'Dr.Elaine Lee Dental Surgery', 'H & H Kopitiam']"
99speedmart,convenience_store,99SpeedMart @(SBH) Taman Desa,"Shop Lot No 4 & 5, Taman Desa Seri Ketiau, Jalan Ketiau Tombovo, 89500 Putatan, Sabah.",5.876816,116.056322,(SBH) Taman Desa,"['Bataras Superstore', 'SMK Tansau', 'Warung Bakso Ketiau']"
99speedmart,convenience_store,99SpeedMart @(SBH) Kiulu Town,"NT 044017530, Kampung Ranap, Poturidong, Jalan Kiulu Pukak Mantob, 89250 Tamparuli, Sabah",6.055593,116.285320,(SBH) Kiulu Town,"['Dewan Masyarakat Kiulu', 'Tamu Pekan Kiulu', 'SK Pekan Kiulu']"
99speedmart,convenience_store,99SpeedMart @(SBH) Menumbok Town,"CL. 185121975, Pekan Menumbok, Peti Surat 16, Jalan Kastam, 89767 Menumbok, Kuala Penyu, Sabah",5.303252,115.371553,(SBH) Menumbok Town,"['Menumbok', 'Jiwaja Guesthouse', ""D'Menumbok Mini Restaurant""]"
99speedmart,convenience_store,99SpeedMart @(SBH) Inanam Point,"Lot 5 & 7, Ground Floor, Block J, Inanam Point (Inanam Commercial Centre), Lorong Inanam Point 3, Mile 6, Jalan Tuaran, 88450 Kota Kinabalu, Sabah.",5.995179,116.134391,(SBH) Inanam Point,"['Pasar Malam Inanam Point', 'Kedai Kopi Wong Kee', '1 Homeware']"
99speedmart,convenience_store,99SpeedMart @(SBH) Papar Town,"Lot 8 & 9, Ground Floor, Kedai Pekan Papar, Jalan Bunga Raya, 85607 Papar, Sabah.",5.733977,115.933354,(SBH) Papar Town,"['Klinik Dr. Lu', 'Papar Holiday Motel', 'Restoran Taufik 3']"
99speedmart,convenience_store,99SpeedMart @(SBH) Telipok Town,"Lot 28, Rumah Kedai Sedco Telipok, Pekan Telipok, Jalan Tuaran, 89200 Telipok Sabah.",6.088804,116.196059,(SBH) Telipok Town,"['Restaurant Shahir', 'Pasar Pekan Telipok', 'Telipok Wet Market']"
99speedmart,convenience_store,99SpeedMart @(SBH) Taman Sri Kapur,"Lot G7 & G6, Block B, Mile Lower Road held under Master Title CL. 055334604 & CL. 055334613, Jalan Tanjung Kapur 1, 89058 Kudat, Sabah.",6.897450,116.850694,(SBH) Taman Sri Kapur,"['Restaurant Wan Hiong', 'Hock Cheong Restaurant', 'Hotel Morning Glory']"
99speedmart,convenience_store,99SpeedMart @(SBH) Kampung Topokon,"Lot 3 & 4, Topokon Shophouse, Jalan Topokon Labuaya, 89250 Tamparuli, Sabah.",6.188852,116.300252,(SBH) Kampung Topokon,"['Gereja Katolik St. Mary Topokon', 'newplace']"
99speedmart,convenience_store,99SpeedMart @(SBH) Kampung Rangalau,"NT. 4731, Kg Rangalau, Jalan By Pass, 89158, Kota Belud, Sabah.",,,(SBH) Kampung Rangalau,
99speedmart,convenience_store,99SpeedMart @(SBH) Kampung Pimping,"Lot 2, NT. 173169956, Kampung Pimping, 89720 Membakut, Sabah.",5.506044,115.780537,(SBH) Kampung Pimping,"['Kedai Runcit Bismi', 'Ngian Cafe', 'Seng Hock Hardware']"
99speedmart,convenience_store,99SpeedMart @(SBH) Plaza Palma,"No.4-0, Ground Floor, Plaza Palma, Taman Villa Palma, Fasa 1, Jalan Liawan, 89000 Keningau, Sabah.",5.375190,116.157685,(SBH) Plaza Palma,"['Medan Citra Rasa', 'Tomyam Anak Kampung', 'Restoran Rahmat II']"
99speedmart,convenience_store,99SpeedMart @(SBH) Padasa CC,"Lot 4 & Lot 5, Ground Floor, Padasa Commercial Complex, Off Jalan Tambunan-Keningau, 89008 Keningau, Sabah.",5.338193,116.156497,(SBH) Padasa CC,"['Shell', 'Pasar Besar Keningau', 'Stesen Maju Jaya ( Shell)']"
99speedmart,convenience_store,99SpeedMart @(SBH) Kampung Lotong,"NT Serial No. 223030760, Kg Lotong, Jalan Lotong, 89100 Kota Marudu, Sabah",6.457945,116.787120,(SBH) Kampung Lotong,['newplace']
99speedmart,convenience_store,99SpeedMart @(SBH) Kompleks Sinsuran,"Ko-Pelajaran, Block A, Lot 5 & 6 Sinsuran Kompleks, Jalan Jesselton, 88200, Kota Kinabalu, Sabah.",5.981039,116.073424,(SBH) Kompleks Sinsuran,"[""Belacan's 马来风味料理"", 'Maimunah Curry House', 'BTC TEXTILE EMPORIUM']"
99speedmart,convenience_store,99SpeedMart @(SBH) Pangkalan Abai,"NT No. 2006030355, Kg Pangkalan Abai Kota Belud, Jalan Kg Pangkalan Abai, 89157 Kota Belud, Sabah.",6.342227,116.402279,(SBH) Pangkalan Abai,"['Toyota Service Centre KB', 'KB Delight Cafe', 'PETRONAS Station']"
99speedmart,convenience_store,99SpeedMart @(SBH) Kampung Bingkor,"NT No.18229, Kg Bingkor, Off Jalan Bypass Bingkor, 89000 Keningau, Sabah",5.402804,116.192196,(SBH) Kampung Bingkor,"['Bingkor', 'newplace']"
99speedmart,convenience_store,99SpeedMart @(SBH) Kudat Town,"Kedai No. 802, Ground Floor, Jalan OKK Haji Abdul Ghani, 89050 Kudat, Sabah",6.882169,116.847640,(SBH) Kudat Town,"['Kudat Curry House', 'Restoran Sri Sikuati 2', 'Pejabat Pos Kudat']"
99speedmart,convenience_store,99SpeedMart @(SBH) Kuala Penyu Town,"Kedai Lot No 14 (Bawah), Jalan Pekan Kuala Penyu, Pekan Kuala Penyu, 89740 Kuala Penyu, Sabah.",5.569856,115.597918,(SBH) Kuala Penyu Town,"['Jetty Kuala Penyu', 'Kedai Makan Chuan Fatt', 'Delight Cake House & Coffee House']"
99speedmart,convenience_store,99SpeedMart @(SBH) Kampung Pinggan-Pinggan,"NT Serial No. 233008912, Kg Pinggan-Pinggan Pitas, Jalan Langkon Pitas, 89100 Kota Marudu Sabah.",,,(SBH) Kampung Pinggan-Pinggan,
99speedmart,convenience_store,99SpeedMart @(SBH) Kampung Taritipan,"LA. 191-53, Kg Taritipan, Jalan Pitas, 89100 Kota Marudu, Sabah.",6.561377,116.857870,(SBH) Kampung Taritipan,['newplace']
99speedmart,convenience_store,99SpeedMart @(SBH) Kundasang,"NT.063046702, KM 16, Highway Jalan Ranau-Tamparuli, Kg Kinasaraban, Kundasang, 89308 Ranau, Sabah.",,,(SBH) Kundasang,
99speedmart,convenience_store,99SpeedMart @(SBH) Telupid Town,"Block A, Lot 6B and Lot 7, Jalan Ranau-Sandakan, Taman Momogun, Pekan Telupid, 89100 Beluran, Sabah.",5.627127,117.129389,(SBH) Telupid Town,"['Restoran & Catering Bakso Prima', 'Pasar Tamu Telupid', 'Restoran Nurin Buhari Curry House']"
99speedmart,convenience_store,99SpeedMart @(SBH) Kampung Tagaroh,"NT. 225310332, Lot No 1287,  Kampung Tagaroh, Jalan Pinatau, 89100 Kota Marudu, Sabah.",06.498921,116.713780,(SBH) Kampung Tagaroh,"['S.K Tagaroh', 'newplace']"
99speedmart,convenience_store,99SpeedMart @(SBH) Kampung Taun Gusi,"NT.033064381, Kampung Taun Gusi, Jalan Kota Belud Bypass, 89150 Kota Belud, Sabah.",,,(SBH) Kampung Taun Gusi,
99speedmart,convenience_store,99SpeedMart @(SBH) Kampung Timbang,"LA. 159-60, Kampung Timbang, Jalan Kota Belud-Kudat, 89150 Kota Belud, Sabah.","6°29'32.1""N","116°32'36.1""E",(SBH) Kampung Timbang,"['East', 'Estate', 'Writers Guild of America']"
99speedmart,convenience_store,99SpeedMart @(SBH) Nabawan,"NT. 153033786, Kg. Malinja, Nabawan, Jalan Tawau - Keningau, 89957  Nabawan Sabah.","5°2'46.8""N","116°26'56.5""E",(SBH) Nabawan,"['East', 'Estate', 'Writers Guild of America']"
99speedmart,convenience_store,99SpeedMart @(SBH) Kampung Tampasuk,"NT. No. 03310295, Jalan Batang Rosok, 89150 Kota Belud, Sabah.","6°21'51.1""N","116°27'20.2""E",(SBH) Kampung Tampasuk,"['East', 'Estate', 'Writers Guild of America']"
99speedmart,convenience_store,99SpeedMart @(SBH) Kampung Indai,"Lot 1, N.T No 043155497, Kg Indai, Jalan Sulaman 89150 Tuaran, Sabah.","6°12'59.1""N","116°12'46.2""E",(SBH) Kampung Indai,"['East', 'Estate', 'Writers Guild of America']"
99speedmart,convenience_store,99SpeedMart @(SBH) Tuaran Town,"Lot 2 and 3, Block K), Jalan Soon Choon Fong, Pekan Tuaran, 89208 Tuaran, Sabah.","6°10'42.8""N","116°13'49.3""E",(SBH) Tuaran Town,"['East', 'Estate', 'Writers Guild of America']"
99speedmart,convenience_store,99SpeedMart @(SBH) Kampung Tuarid Taud,"CL Serial No. 135334959 Lot 1, No. 135334968 Lot 2, Tuarid Taud, 89007 Keningau, Sabah.","5°20'49.0""N","116°10'53.3""E",(SBH) Kampung Tuarid Taud,"['East', 'Estate', 'Writers Guild of America']"
99speedmart,convenience_store,99SpeedMart @(SBH) Kampung Taginambur,"NT. No. 033137978, Kg Taginambur, Jalan Ranau By Pass, 89150 Kota Belud, Sabah.","6°13'16.2""N","116°26'50.6""E",(SBH) Kampung Taginambur,"['East', 'Estate', 'Writers Guild of America']"
99speedmart,convenience_store,99SpeedMart @(SBH) Kampung Marakau,"NT. No. 06302055, Kampung Marakau, Jalan Libang, Marakau, 89300 Ranau, Sabah.","5°57'1.9""N","116°40'55.9""E",(SBH) Kampung Marakau,"['East', 'Estate', 'Writers Guild of America']"
99speedmart,convenience_store,99SpeedMart @(SBH) Kampung Landung Ayang,"Lot 1 & 2, Bangunan LPPB Landung Ayang, Tingkat Bawah, Peti Surat 755, 89057 Kudat, Sabah.","6°53'4.9""N","116°50'23.3""E",(SBH) Kampung Landung Ayang,"['East', 'Estate', 'Writers Guild of America']"
99speedmart,convenience_store,99SpeedMart @(SBH) Kampung Nambayan,"NT No. 145310908, Kampung Nambayan, Jalan Keningau-Tambunan, 89650 Tambunan, Sabah.","5°38'44.0""N","116°20'35.3""E",(SBH) Kampung Nambayan,"['East', 'Estate', 'Writers Guild of America']"
99speedmart,convenience_store,99SpeedMart @(SBH) Kampung Taviu,"NT No. 083229083, Kg.Taviu, Jalan Ranau-Sandakan, 89100 Beluran, Sabah.","5°39'50.1""N","117°1'17.5""E",(SBH) Kampung Taviu,"['East', 'Estate', 'Writers Guild of America']"
99speedmart,convenience_store,99SpeedMart @(SBH) Kota Marudu Town 2,"Ground Floor, Block B-Lot 14&15, One Marudu Commercial Center, Jalan Korongkom, 89108 Kota Marudu, Sabah.","6°29'56.0""N","116°46'24.4""E",(SBH) Kota Marudu Town 2,"['East', 'Estate', 'Writers Guild of America']"
99speedmart,convenience_store,99SpeedMart @(SBH) Ranau Town,"Ground Floor, Lot 6 & 7, Ranau Plaza 2, Jalan Kembar Pekan, Pekan Ranau, 89308 Ranau, Sabah.","5°57'10.8""N","116°39'49.4""E",(SBH) Ranau Town,"['East', 'Estate', 'Writers Guild of America']"
99speedmart,convenience_store,99SpeedMart @(SBH) Palm Beach CC,"Lot No 1 & 2, Palm Beach Commercial Centre, Jalan Baru Papar-Kinarut, 89600, Kinarut, Sabah.","5°49'23.7""N","116°0'58.4""E",(SBH) Palm Beach CC,"['East', 'Estate', 'Writers Guild of America']"
99speedmart,convenience_store,99SpeedMart @(SBH) Timbok,"NT No. 043200086, Kampung Lok Batik, Jalan Pantai Dalit,89200 Tuaran, Sabah","6°10'26.1""N","116°11'54.1""E",(SBH) Timbok,"['East', 'Estate', 'Writers Guild of America']"
99speedmart,convenience_store,99SpeedMart @(SBH) Likas,"Lot 1 & 2, Tkt Bwh, Kedai Likas, Jalan Tuaran Likas, 88450, Kota Kinabalu, Sabah","5°58'51.8""N","116°5'56.6""E",(SBH) Likas,"['East', 'Estate', 'Writers Guild of America']"
99speedmart,convenience_store,99SpeedMart @(SBH) Grand Plaza Putatan,"Lot 1 & 2, Putatan Light Industrial Centre, Jalan Putatan, 88200 Kota Kinabalu, Sabah.","5°53'31.1""N","116°2'49.4""E",(SBH) Grand Plaza Putatan,"['East', 'Estate', 'Writers Guild of America']"
99speedmart,convenience_store,99SpeedMart @(SBH) Putatan Town,"Lot 4 & Lot 19, Glr Flr Blk S1 Jalan Putatan, Type C 3 Storey, New Township Putatan 88100, Kota Kinabalu, Sabah.","5°53'41.1""N","116°2'45.7""E",(SBH) Putatan Town,"['East', 'Estate', 'Writers Guild of America']"
99speedmart,convenience_store,99SpeedMart @(SBH) Kampung Biah,"NT. No. 135348560,Kg. Batu 4, Biah Jalan Nabawan,  89000 Keningau, Sabah.","5°16'40.9""N","116°9'30.8""E",(SBH) Kampung Biah,"['East', 'Estate', 'Writers Guild of America']"
99speedmart,convenience_store,99SpeedMart @(SBH) Tanjung Aru,"Lot 2 & Lot 3,Ground Floor, Block II, Jalan Pinang Tanjung Aru, 88100 Kota Kinabalu, Sabah","5°57'12.1""N","116°3'14.0""E",(SBH) Tanjung Aru,"['East', 'Estate', 'Writers Guild of America']"
99speedmart,convenience_store,99SpeedMart @(SBH) Hilltop,"Ground Floor of MPKK No. 3 Lot 8 & No. 1 Lot 9, Kolam Plaza, 88300 Kota Kinabalu, Sabah.","5°57'1.7""N","116°5'27.6""E",(SBH) Hilltop,"['East', 'Estate', 'Writers Guild of America']"
99speedmart,convenience_store,99SpeedMart @(SBH) Jutaya Commercial,"Lot 3 & Lot 4, Ground Floor, Jutaya Commercial, Jalan Lingkudau, 89000 Keningau, Sabah.","5°20'9.0""N","116°9'16.3""E",(SBH) Jutaya Commercial,"['East', 'Estate', 'Writers Guild of America']"
99speedmart,convenience_store,99SpeedMart @(SBH) Kampung Nalapak,"N.T Serial No. 063051838, Kampung Nalapak, Jalan Ranau-Sandakan,89300 Ranau, Sabah.","5°56'9.4""N","116°46'36.5""E",(SBH) Kampung Nalapak,"['East', 'Estate', 'Writers Guild of America']"
99speedmart,convenience_store,99SpeedMart @(SBH) Taman Rainfield,"Lot S1, Ground Floor, Rainfield Court Shop Lot, Jalan Nosoob, 88200 Penampang Kota Kinabalu, Sabah.","5°55'41.8""N","116°4'35.6""E",(SBH) Taman Rainfield,"['East', 'Estate', 'Writers Guild of America']"
99speedmart,convenience_store,99SpeedMart @Merintaman,"NT Serial No. 3606, Kampung Merintaman, Jalan Merintaman, 89850 Sipitang, Sabah.","5°2'8.2""N","115°32'33.3""E",Merintaman,"['East', 'Estate', 'Writers Guild of America']"
99speedmart,convenience_store,99SpeedMart @(SBH) Taman Jasmine,"Lot 3 & 4, Luyang Phase 1, Jalan Sena, Off Jalan Kolam, Luyang 88100 Kota Kinabalu, Sabah.","5°57'46.0""N","116°4'58.4""E",(SBH) Taman Jasmine,"['East', 'Estate', 'Writers Guild of America']"
99speedmart,convenience_store,99SpeedMart @(SBH) Lintas Jaya,"Lot 6 & 7, Ground Floor, Block G, Lintas Jaya Uptownship, Jalan Lintas Kepayan, 88300 Kota Kinabalu, Sabah.","5°55'54.1""N","116°4'6.2""E",(SBH) Lintas Jaya,"['East', 'Estate', 'Writers Guild of America']"
99speedmart,convenience_store,99SpeedMart @(SBH) Lumat Centre,"Lot No. S8 & S9, Block B, Ground Floor, Lumat Centre (Phase 1) Kg. Lumat, Jalan Membakut-Beaufort, 89807 Beaufort, Sabah.","5°24'14.4""N","115°44'36.9""E",(SBH) Lumat Centre,"['East', 'Estate', 'Writers Guild of America']"
99speedmart,convenience_store,99SpeedMart @(SBH) Taman Landbreeze,"Lot 8, Tkt Bwh, Tmn Land Breeze, Jln Penampang, Penampang, 88200, Kota Kinabalu, Sabah.","5°56'45.7""N","116°4'32.3""E",(SBH) Taman Landbreeze,"['East', 'Estate', 'Writers Guild of America']"
99speedmart,convenience_store,99SpeedMart @(SBH) Sook,"NT Serial No. 85130847, Sook, Batu 24 ½ Jln Nabawan Twu, 89009 Keningau, Sabah.","5°8'37.3""N","116°17'20.4""E",(SBH) Sook,"['East', 'Estate', 'Writers Guild of America']"
99speedmart,convenience_store,99SpeedMart @(SBH) Kampung Kulambai,"NT. No 033105467, Kampung Kulambai, Jalan Kuala Abai, 89150, Kota Belud, Sabah.","6°23'0.0""N","116°21'49.7""E",(SBH) Kampung Kulambai,"['East', 'Estate', 'Writers Guild of America']"
99speedmart,convenience_store,99SpeedMart @(SBH) Kemabong,"NT. No. 165329635, Kemabong, Jalan Tenom – Kuala Tomani, 89900 Tenom Sabah.","4°54'41.1""N","115°55'2.8""E",(SBH) Kemabong,"['East', 'Estate', 'Writers Guild of America']"
99speedmart,convenience_store,99SpeedMart @(SBH) Taman Adika,"Lot 5 & Lot 6 Shoplot, Ground Floor, Taman Adika Phase 12, 89000 Keningau, Sabah.","5°21'3.5""N","116°8'50.4""E",(SBH) Taman Adika,"['East', 'Estate', 'Writers Guild of America']"
99speedmart,convenience_store,99SpeedMart @(SBH) Kampung Baru,"CL. No.035311614, Kg Baru, Kota Belud, Jalan Kg Baru, P89157 Kota Belud, Sabah.","6°20'49.7""N","116°25'41.5""E",(SBH) Kampung Baru,"['East', 'Estate', 'Writers Guild of America']"
99speedmart,convenience_store,99SpeedMart @(SBH) Kampung Nambazan,"NT Serial No. 10867, Kedai No. 3 & 3A, Kg. Nambazan, Jalan Penampang-Papar, 89500 Penampang, Sabah","5°53'38.5""N","116°6'0.3""E",(SBH) Kampung Nambazan,"['East', 'Estate', 'Writers Guild of America']"
99speedmart,convenience_store,99SpeedMart @(SBH) Kudat Town 2,"Lot 3 & 4, Blok H Kedai Sedco, Pekan Tomborunggus, Jalan Melati, 89058 Kudat, Sabah.","6°52'47.0""N","116°51'4.4""E",(SBH) Kudat Town 2,"['East', 'Estate', 'Writers Guild of America']"
99speedmart,convenience_store,99SpeedMart @(SBH) Kampung Mangaris,"NT Serial No. 224100903, Kg Mangaris, Jln Kota Belud – Kudat, 89100 Kota Marudu, Sabah.","6°31'45.4""N","116°38'37.8""E",(SBH) Kampung Mangaris,"['East', 'Estate', 'Writers Guild of America']"
99speedmart,convenience_store,99SpeedMart @(SBH) Kampung Damat Bantayan,"NT Serial No.4785, Kg Damat, Jalan Kampung Bantayan Damat Sawah, 89250 Tamparuli, Sabah.","6°9'29.6""N","116°14'29.0""E",(SBH) Kampung Damat Bantayan,"['East', 'Estate', 'Writers Guild of America']"
99speedmart,convenience_store,99SpeedMart @(SBH) Kampung Simpangan,"CL Serial No.165320454, Kg. Tuan, 89907 Tenom, Sabah.","5°10'26.7""N","115°57'57.2""E",(SBH) Kampung Simpangan,"['East', 'Estate', 'Writers Guild of America']"
99speedmart,convenience_store,99SpeedMart @(SBH) Kampung Tebabar,"NT 023007872, Kampung Tebabar. Jalan Padawan Biau, 89600 Papar, Sabah.","5°42'44.7""N","115°58'38.7""E",(SBH) Kampung Tebabar,"['East', 'Estate', 'Writers Guild of America']"
99speedmart,convenience_store,99SpeedMart @(SBH) Kampung Tambalang,"NT Serial No. 89194, Kg Tambalang, Jln Kg Bolong Baru-Tambalang, 89208 Tuaran, Sabah.","6°11'38.6""N","116°11'49.5""E",(SBH) Kampung Tambalang,"['East', 'Estate', 'Writers Guild of America']"
99speedmart,convenience_store,99SpeedMart @(SBH) 1 Avenue CC,"Lot No. 2-0 & 3-0, Ground Floor, Block A, 1 Avenue Commercial Centre, Jalan WK, 89108 Kota Marudu, Sabah.","6°30'9.2""N","116°45'47.5""E",(SBH) 1 Avenue CC,"['East', 'Estate', 'Writers Guild of America']"
99speedmart,convenience_store,99SpeedMart @(SBH) Bersatu Light IP,"Lot No. 11 & 12, Ground Floor, Bersatu Light Industrial Park, Jalan Tawau - Keningau, 89000 Keningau, Sabah.","5°19'6.7""N","116°8'55.2""E",(SBH) Bersatu Light IP,"['East', 'Estate', 'Writers Guild of America']"
99speedmart,convenience_store,99SpeedMart @(SBH) Kampung Kabatasan,"L.A No. 20-07232060, Kg. Kabatasan, Jalan Kanibongan, 89100 Pitas, Sabah.","6°42'34.3""N","117°5'3.3""E",(SBH) Kampung Kabatasan,"['East', 'Estate', 'Writers Guild of America']"
99speedmart,convenience_store,99SpeedMart @(SBH) Plaza 22,"Ground Floor, Lot 38 & Lot 39, Block G, Plaza 22, Jalan Pengalat-Lok Kawi, 89600 Papar Sabah.","5°44'12.5""N","115°56'13.9""E",(SBH) Plaza 22,"['East', 'Estate', 'Writers Guild of America']"
99speedmart,convenience_store,99SpeedMart @(SBH) Goshen,"NT No. 223142149, Lot 2 & 3, Kg. Goshen, Jalan Lotong, 89100 Kota Marudu, Sabah.","6°28'43.0""N","116°45'54.5""E",(SBH) Goshen,"['East', 'Estate', 'Writers Guild of America']"
99speedmart,convenience_store,99SpeedMart @(SBH) Segama,"Lot 4 & 5, Block B, Segama Commecial Complex, Jalan Padas, 88000 Kota Kinabalu, Sabah.","5°59'2.3""N","116°4'22.6""E",(SBH) Segama,"['East', 'Estate', 'Writers Guild of America']"
99speedmart,convenience_store,99SpeedMart @(SBH) Kampung Paal,"CL. No. 165274091, Kampung Paal, Jalan Tenom - Kemabong, 89900 Tenom, Sabah.","5°0'31.3""N","115°55'7.2""E",(SBH) Kampung Paal,"['East', 'Estate', 'Writers Guild of America']"
99speedmart,convenience_store,99SpeedMart @(SBH) Sembulan,"Lot No. 10 & 11, Ground Floor, Grace Square Shophouse, Jalan Pantai Sembulan, 88100 Kota Kinabalu, Sabah.","5°57'39.7""N","116°3'31.2""E",(SBH) Sembulan,"['East', 'Estate', 'Writers Guild of America']"
99speedmart,convenience_store,99SpeedMart @(SBH) Kampung Pias,"L.A 20-14230295, Kg. Pias, Jalan Sapi Nangoh Paitan Kanibungan, 89100 Pitas, Sabah.","6°37'19.7""N","117°12'16.7""E",(SBH) Kampung Pias,"['East', 'Estate', 'Writers Guild of America']"
99speedmart,convenience_store,99SpeedMart @(SBH) Kampung Binsulok,"NT. 173079966, Kg. Binsulok, Jalan Kuala Penyu, 89727 Membakut, Sabah.","5°31'48.9""N","115°41'7.9""E",(SBH) Kampung Binsulok,"['East', 'Estate', 'Writers Guild of America']"
99speedmart,convenience_store,99SpeedMart @(SBH) Kampung Kilugus,"NT Serial No. 184927044, Kampung Kilugus, Jalan Beaufort-Menumbok,89740 Kuala Penyu, Sabah.","5°25'56.9""N","115°27'30.7""E",(SBH) Kampung Kilugus,"['East', 'Estate', 'Writers Guild of America']"
99speedmart,convenience_store,99SpeedMart @(SBH) Mawar CC,"Ground Floor, Block H, Lot 2 & 3, Mawar Commercial Center, Taman Mawar, Phase II, Mile 7 Sibuga, 90000 Sandakan, Sabah.","5°50'25.7""N","118°1'56.3""E",(SBH) Mawar CC,"['East', 'Estate', 'Writers Guild of America']"
99speedmart,convenience_store,99SpeedMart @(SBH) Bandar Maju CC,"Ground Floor, Lot 20 & 21 Bandar Maju Commercial Center, 1 1/2, Jalan Utara, 90000 Sandakan, Sabah.","5°51'31.4""N","118°6'23.4""E",(SBH) Bandar Maju CC,"['East', 'Estate', 'Writers Guild of America']"
99speedmart,convenience_store,99SpeedMart @29022 -(SBH) Sandakan Town,"Ground Floor, Lot 1A, 1B & Lot 2A, Block 43, Third Avenue, Leila Road, Sandakan Town, 90000 Sandakan, Sabah.","5°50'18.4""N","118°6'43.9""E",29022 -(SBH) Sandakan Town,"['East', 'Estate', 'Writers Guild of America']"
99speedmart,convenience_store,99SpeedMart @(SBH) Taman Mawar,"Ground Floor, Lot No 2 & 3, Block A, Phase 7, Taman Mawar, Km 8.2 Jalan Sibuga, 90000 Sandakan, Sabah.","5°50'30.2""N","118°2'19.2""E",(SBH) Taman Mawar,"['East', 'Estate', 'Writers Guild of America']"
99speedmart,convenience_store,99SpeedMart @(SBH) Bandar Leila,"Ground Floor, Lot 6A & 6B, Block C, Bandar Leila, Mile 1, Jalan Leila, 90000 Sandakan, Sabah.","5°50'10.3""N","118°5'48.1""E",(SBH) Bandar Leila,"['East', 'Estate', 'Writers Guild of America']"
99speedmart,convenience_store,99SpeedMart @(SBH) Bandar Tyng,"Ground Floor, Lot 20 & 21, Block B, Taman Tyng, Batu 5, Jalan Utara, 90000 Sandakan, Sabah.","5°51'58.7""N","118°3'26.5""E",(SBH) Bandar Tyng,"['East', 'Estate', 'Writers Guild of America']"
99speedmart,convenience_store,99SpeedMart @(SBH) Taman D'Sri Gayang,"Ground Floor, Lot No 11 & 12, Taman D’Sri Gayang Shoplot, Jalan Sulaman Tuaran, 89208 Tuaran, Sabah.","6°6'46.5""N","116°8'54.4""E",(SBH) Taman D'Sri Gayang,"['East', 'Estate', 'Writers Guild of America']"
99speedmart,convenience_store,99SpeedMart @(SBH) Sibuga Jaya CC,"Ground Floor, Lot 1 & 2, Block F, Sibuga Jaya Commercial Centre (PH2), Jalan Labuk, 90000 Sandakan, Sabah, Malaysia.","5°52'53.9""N","118°1'50.3""E",(SBH) Sibuga Jaya CC,"['East', 'Estate', 'Writers Guild of America']"
99speedmart,convenience_store,99SpeedMart @(SBH) Batu 27,"CL Serial No. 135109616, Batu 27, Jalan Tenom – Keningau, 89000 Keningau, Sabah.","5°19'29.7""N","116°6'56.3""E",(SBH) Batu 27,"['East', 'Estate', 'Writers Guild of America']"
99speedmart,convenience_store,99SpeedMart @(SBH) Taman Airport,"CL Serial No. 075172208, Block A, Lot 1 & 2, Batu 7, Jalan Sungai Kayu, Jalan Airport, 90000 Sandakan, Sabah.","5°53'57.9""N","118°4'17.6""E",(SBH) Taman Airport,"['East', 'Estate', 'Writers Guild of America']"
99speedmart,convenience_store,99SpeedMart @(SBH) Prima Square,"Ground Floor, Block 19, Lot 188 & 189, Prima Square III, Mile 4 Prima Square, 90000 Sandakan, Sabah.","5°51'29.1""N","118°4'17.0""E",(SBH) Prima Square,"['East', 'Estate', 'Writers Guild of America']"
99speedmart,convenience_store,99SpeedMart @(SBH) Batu Sapi,"Lot 1 & 2, Ground Floor, Block A,Taman Poh Hing, Jalan Batu Sapi, 90000 Sandakan, Sabah.","5°48'40.1""N","118°3'34.8""E",(SBH) Batu Sapi,"['East', 'Estate', 'Writers Guild of America']"
99speedmart,convenience_store,99SpeedMart @(SBH) Bandar Indah,"Ground Floor, Lot 4 & Lot 5, Block 2, Bandar Indah, Mile 4, Jalan Utara, 90000 Sandakan, Sabah.","5°51'15.5""N","118°4'22.1""E",(SBH) Bandar Indah,"['East', 'Estate', 'Writers Guild of America']"
99speedmart,convenience_store,99SpeedMart @(SBH) Bandar Perdana,"Block E, Ground Floor, Lot 40 & 41, Bandar Perdana, Batu 7 Jalan Airport, 90000 Sandakan, Sabah.","5°53'17.7""N","118°3'24.1""E",(SBH) Bandar Perdana,"['East', 'Estate', 'Writers Guild of America']"
99speedmart,convenience_store,99SpeedMart @(SBH) Kampung Tanjung Nipis,"NT Serial No. 193008230, Kg. Tanjung Nipis, Jalan Sipitang – Tenom, 89850 Sipitang, Sabah.","4°59'44.0""N","115°33'5.2""E",(SBH) Kampung Tanjung Nipis,"['East', 'Estate', 'Writers Guild of America']"
99speedmart,convenience_store,99SpeedMart @(SBH) Bandar Melrose,"Ground Floor, Lot 1 & 2, Blok B, Bandar Melrose, Batu 3 ½, Jalan Utara, 90000 Sandakan, Sabah.","5°51'34.3""N","118°5'4.6""E",(SBH) Bandar Melrose,"['East', 'Estate', 'Writers Guild of America']"
99speedmart,convenience_store,99SpeedMart @(SBH) Labuk BC,"Ground Floor, Lot A-4 & A-5, Block A, Labuk Commercial & Business Centre, Mile 12, Jalan Labuk 90000 Sandakan, Sabah.","5°53'18.7""N","117°58'44.7""E",(SBH) Labuk BC,"['East', 'Estate', 'Writers Guild of America']"
99speedmart,convenience_store,99SpeedMart @(SBH) IJM,"Blok T, Ground Floor, Lot 17&18, Lorong Avenue 1, Bandar Utama Mile 6, North Road, 90000 Sandakan, Sabah.","5°51'50.2""N","118°2'59.2""E",(SBH) IJM,"['East', 'Estate', 'Writers Guild of America']"
99speedmart,convenience_store,99SpeedMart @(SBH) Letat Jaya,"Lot-1 & Lot -2, Ground Floor, Blok N, Bandar Letat Jaya, Jalan Lintas Utara, 90000 Sandakan, Sabah.","5°51'54.6""N","118°4'46.7""E",(SBH) Letat Jaya,"['East', 'Estate', 'Writers Guild of America']"
99speedmart,convenience_store,99SpeedMart @(SBH) Taman Grandview,"Lot 1 & 2, Block C, Ground Floor, Taman Grandview, Mile 1 ½ , Jalan Sim Sim, 90000 Sandakan, Sabah.","5°51'48.4""N","118°7'5.8""E",(SBH) Taman Grandview,"['East', 'Estate', 'Writers Guild of America']"
99speedmart,convenience_store,99SpeedMart @(SBH) Taman Indah Jaya,"Ground Floor, Lot 39 & 40, Taman Indah Jaya, Mile 4, Jalan Lintas Selatan, 90000 Sandakan, Sabah.","5°50'37.0""N","118°3'52.0""E",(SBH) Taman Indah Jaya,"['East', 'Estate', 'Writers Guild of America']"
99speedmart,convenience_store,99SpeedMart @(SBH) Papar Square,"Ground Floor, Lot 31 & 32, Block 4, Papar Square Phase 2, 89600 Papar, Sabah.","5°43'29.8""N","115°55'57.7""E",(SBH) Papar Square,"['East', 'Estate', 'Writers Guild of America']"
99speedmart,convenience_store,99SpeedMart @(SBH) Astana Height,"Ground Floor, Lot 5 & Lot 6, Astana Height Ph 3, Bt 1.5, Jalan Lalang, Mile 1.5, Off Jalan Utara, P.O Box 850, 90709 Sandakan, Sabah.","5°51'13.5""N","118°6'51.2""E",(SBH) Astana Height,"['East', 'Estate', 'Writers Guild of America']"
99speedmart,convenience_store,99SpeedMart @(SBH) Patikang Point,"Lot 1 & 2, Patikang Point, Kampung Patikang Ulu, NT 133130702, 89008 Keningau, Sabah","5°20'44.4""N","116°7'25.7""E",(SBH) Patikang Point,"['East', 'Estate', 'Writers Guild of America']"
99speedmart,convenience_store,99SpeedMart @(SBH) Bandar Kim Fung,"Lot 4 & 5, Ground Floor, Block B, Bandar Kim Fung, Mile 4, North Road, 90000 Sandakan, Sabah.","5°51'20.7""N","118°4'29.7""E",(SBH) Bandar Kim Fung,"['East', 'Estate', 'Writers Guild of America']"
99speedmart,convenience_store,99SpeedMart @(SBH) Kampung Beringis,"NT. No 023175000, Kg. Beringis, Jalan Beringis Kawang, 89600 Papar, Sabah.","5°47'15.9""N","115°59'26.8""E",(SBH) Kampung Beringis,"['East', 'Estate', 'Writers Guild of America']"
99speedmart,convenience_store,99SpeedMart @(SBH) Plaza Lemawang,"Ground Floor, Lot No.1 & 2, Phase A3, Plaza Lemawang, Jalan Tuaran- Kota Belud, 89200 Tuaran, Sabah.","6°12'30.8""N","116°14'50.6""E",(SBH) Plaza Lemawang,"['East', 'Estate', 'Writers Guild of America']"
99speedmart,convenience_store,99SpeedMart @(SBH) Kampung Masangkong,"Ground Floor, Lot 1 & 2, CL 055320084, Mile 9, Jalan Sikuati, 89058 Kudat Sabah.","6°54'42.0""N","116°43'59.9""E",(SBH) Kampung Masangkong,"['East', 'Estate', 'Writers Guild of America']"
99speedmart,convenience_store,99SpeedMart @(SBH) Bandar Check Point,"Ground Floor, Lot 1 & 2, Block 1, Bandar Check Point, Jalan Labuk 90000 Sandakan, Sabah.","5°45'37.8""N","117°45'22.8""E",(SBH) Bandar Check Point,"['East', 'Estate', 'Writers Guild of America']"
99speedmart,convenience_store,99SpeedMart @(SBH) Bandar Nam Tung,"Ground Floor, Lot 3 & 4, Block C, Bandar Nam Tung, Mile 2, Jalan Leila, 90000 Sandakan, Sabah.","5°49'50.6""N","118°5'9.8""E",(SBH) Bandar Nam Tung,"['East', 'Estate', 'Writers Guild of America']"
99speedmart,convenience_store,99SpeedMart @(SBH) Taman Sentosa,"Ground Floor, Lot 4 & 5, Taman Sentosa, Jln Sentosa 1, 90000 Sandakan, Sabah.","5°51'15.8""N","118°5'46.7""E",(SBH) Taman Sentosa,"['East', 'Estate', 'Writers Guild of America']"
99speedmart,convenience_store,99SpeedMart @(SBH) Kampung Tambulion,"No. Title LA 974394, Kg. Tambulion, Jalan Kem Paradise Kota Belud, 89158 Kota Belud, Sabah.","6°21'9.7""N","116°28'2.7""E",(SBH) Kampung Tambulion,"['East', 'Estate', 'Writers Guild of America']"
99speedmart,convenience_store,99SpeedMart @(SBH) Taman Nasalim,"Ground Floor, Lot 33, Taman Nasalim, Phase 7A, Batu 5, Jln Lintas Utara, 90000 Sandakan, Sabah.","5°52'11.5""N","118°3'52.9""E",(SBH) Taman Nasalim,"['East', 'Estate', 'Writers Guild of America']"
99speedmart,convenience_store,99SpeedMart @(SBH) Bandar Labuk Jaya,"Ground Floor, Lot 3 & Lot 4, Blk B3, Bandar Labuk Jaya, Batu 7, Jalan Lintas Labuk, 90000 Sandakan, Sabah","5°52'49.1""N","118°2'46.2""E",(SBH) Bandar Labuk Jaya,"['East', 'Estate', 'Writers Guild of America']"
99speedmart,convenience_store,99SpeedMart @(SBH) Inanam Taipan,"Lot No. 8 (DBKK NO. K-0-3A) & Lot No. 9 (DBKK NO. K-0-3) Ground Floor, Block K, KK Taipan Inanam, 88450 Kota Kinabalu, Sabah.","5°59'33.6""N","116°8'9.0""E",(SBH) Inanam Taipan,"['East', 'Estate', 'Writers Guild of America']"
99speedmart,convenience_store,99SpeedMart @(SBH) Friendly Garden,"CL055073482, No 3342 & 3343, Ground Floor, Lot SH3 & SH3A, Friendly Garden Fasa 3B,89058 Kudat, Sabah.","6°54'48.4""N","116°49'59.8""E",(SBH) Friendly Garden,"['East', 'Estate', 'Writers Guild of America']"
99speedmart,convenience_store,99SpeedMart @(SBH) Beaufort Sentral,"Lot No. 119 & 120 (Type B) Ground Floor, Beaufort Sentral, Jalan Beaufort Sentral 1, 89800 Beaufort, Sabah","5°21'13.8""N","115°43'50.5""E",(SBH) Beaufort Sentral,"['East', 'Estate', 'Writers Guild of America']"
99speedmart,convenience_store,99SpeedMart @(SBH) BATU 1,"Ground Floor, Lot 9A & 9B , Block 12, Leboh Tiga, Bandar Sandakan, 90000 Sandakan, Sabah.","5°50'26.5""N","118°6'57.4""E",(SBH) BATU 1,"['East', 'Estate', 'Writers Guild of America']"
99speedmart,convenience_store,99SpeedMart @32823-(SBH) K Avenue,"Shoplot Block A, Lot 3 & 4, Level 1, K Avenue Condominium Sodomon, Lorong K Avenue Sodomon, 88200 Penampang, Sabah.","5°54'48.0""N","116°3'41.4""E",32823-(SBH) K Avenue,"['East', 'Estate', 'Writers Guild of America']"
